epoch,recorded_at_utc,edge_loss,det_loss,validation_loss,validation_acc,validation_recall,validation_score,best_score,is_best,train_seconds,validation_seconds,base_seed,effective_seed,fold
1,2026-07-10T23:18:38Z,0.003970155237044959,0.019809366372963207,0.0003694080726243065,0.999604616216187,0.9007153696076307,0.9003592413566567,0.9003592413566567,1,1271.9301432268694,21.873645413666964,314159,314159,0
2,2026-07-10T23:40:55Z,0.000595206987803735,0.014496386452243604,0.00024382018063102918,0.9997675480562573,0.9190331671363537,0.9188195360902889,0.9188195360902889,1,1312.7214971929789,23.463377975858748,314159,314159,0
3,2026-07-11T00:03:25Z,0.0004892044158756923,0.013420707205846247,0.0002156452201473058,0.9998032742685878,0.9267288098851073,0.926546498482162,0.926546498482162,1,1326.6798504590988,23.656262180767953,314159,314159,0
4,2026-07-11T00:25:56Z,0.000461819176617267,0.01289986426486371,0.0001876263290209934,0.9997972391605252,0.9301972685887708,0.9300086610097146,0.9300086610097146,1,1326.1068855272606,24.368385709822178,314159,314159,0
5,2026-07-11T00:48:20Z,0.0004209152861927839,0.012401787006171406,0.00019102266393353218,0.9998229492638985,0.9334489486234554,0.9332836807999885,0.9332836807999885,1,1319.0557483164594,24.899456293322146,314159,314159,0
6,2026-07-11T01:10:32Z,0.00041791275823402455,0.011659387403109088,0.0002230406146231323,0.9997897888805071,0.9280294818989812,0.9278343997826687,0.9332836807999885,0,1309.0086577935144,22.681031697429717,314159,314159,0
7,2026-07-11T01:32:26Z,0.00040241802368679887,0.011231165890873494,0.00020888447319962643,0.9997815470679807,0.9307392152612183,0.9305358925506991,0.9332836807999885,0,1290.8168394742534,23.030247502028942,314159,314159,0
8,2026-07-11T01:54:28Z,0.00040258905593486646,0.011057300197698676,0.00022408113232337047,0.9997962227893238,0.9266204205506178,0.9264315964259624,0.9332836807999885,0,1298.971397664398,22.413980963639915,314159,314159,0
9,2026-07-11T02:16:15Z,0.0003900436265958526,0.010591247663255947,0.00019860845876504385,0.9998047759403671,0.9064600043355734,0.9062830415336321,0.9332836807999885,0,1284.4774822238833,22.09398877993226,314159,314159,0
10,2026-07-11T02:38:01Z,0.0003882967168306568,0.010313006421377759,0.00020159650010418862,0.9998089827376904,0.9274875352265337,0.9273103690967285,0.9332836807999885,0,1283.9420642564073,22.356270886957645,314159,314159,0
11,2026-07-11T02:59:38Z,0.00039954940100160233,0.009970874485231233,0.00019034324844592555,0.9998148083233076,0.9301972685887708,0.9300250037969462,0.9332836807999885,0,1273.8422503173351,22.825893515720963,314159,314159,0
12,2026-07-11T03:21:07Z,0.0003885871561255904,0.009769901093994653,0.00020431213561606043,0.9997931693201481,0.9330153912854975,0.9328224150778056,0.9332836807999885,0,1266.9715107986704,21.902763845399022,314159,314159,0
13,2026-07-11T03:42:38Z,0.0003855106124664419,0.009644477879634015,0.0001935689493474335,0.9998258959362922,0.921742900498591,0.9215824213139204,0.9332836807999885,0,1268.2247743979096,22.00230449344963,314159,314159,0
14,2026-07-11T04:04:02Z,0.00037137936234348776,0.009176574806687893,0.00019983066827677475,0.9998042200813987,0.9280294818989812,0.9278477923625553,0.9332836807999885,0,1261.3642078833655,22.27083359938115,314159,314159,0
15,2026-07-11T04:25:32Z,0.00039506217329807186,0.00910816378165607,0.00021423410168520008,0.9998044250768002,0.9348580099718188,0.9346751751883159,0.9346751751883159,1,1268.1340539045632,22.267387588508427,314159,314159,0
16,2026-07-11T04:46:51Z,0.00038482508394817793,0.008905061056767045,0.00019294759912950266,0.9998093058733791,0.9318231086061132,0.9316454154122524,0.9346751751883159,0,1256.4417007043958,22.138801377266645,314159,314159,0
17,2026-07-11T05:08:25Z,0.0003593509383962573,0.008812122357703641,0.0002057888343522707,0.9998118264113579,0.928679817905918,0.9285050648918832,0.9346751751883159,0,1271.743432726711,21.956955443136394,314159,314159,0
18,2026-07-11T05:29:51Z,0.000349775588239349,0.008502826306610676,0.000202393279178108,0.999803888439676,0.9423368740515933,0.9421520708968723,0.9421520708968723,1,1263.8142133448273,22.15546382404864,314159,314159,0
19,2026-07-11T05:51:15Z,0.000357326817873994,0.008467335059793564,0.00021560867071174884,0.999800457764847,0.9323650552785606,0.9321790090714518,0.9421520708968723,0,1261.5510038193315,22.016342904418707,314159,314159,0
20,2026-07-11T06:12:29Z,0.00035434633068227807,0.008291662907821407,0.0002162097035607119,0.9998072867116983,0.9388684153479298,0.9386874829283254,0.9421520708968723,0,1250.8324602916837,22.287648684345186,314159,314159,0
21,2026-07-11T06:33:43Z,0.0003595442651720098,0.008289148477337506,0.00020073232137528317,0.9998114627176252,0.9334489486234554,0.9332729586954464,0.9421520708968723,0,1252.4695517187938,21.733091690577567,314159,314159,0
22,2026-07-11T06:54:51Z,0.0003526354261109914,0.008021114322254273,0.00018704538167337414,0.9998098837299075,0.9385432473444613,0.9383648150029557,0.9421520708968723,0,1246.0044696889818,21.983320564962924,314159,314159,0
23,2026-07-11T07:16:10Z,0.00033936219273000075,0.00792734571904089,0.0001984822541067044,0.9998091065213377,0.9428788207240407,0.9426988313059957,0.9426988313059957,1,1256.3537308499217,22.367634230293334,314159,314159,0
24,2026-07-11T07:37:31Z,0.00033503709897907027,0.007817153140688246,0.0001836913082780711,0.9998065675169998,0.9272707565575548,0.9270913922727003,0.9426988313059957,0,1257.8255472090095,22.212746019475162,314159,314159,0
25,2026-07-11T07:58:59Z,0.0003494842327672831,0.007675843182352799,0.00019611547067087122,0.9998117279958015,0.9321482766095817,0.9319727791853343,0.9426988313059957,0,1266.3567917495966,21.9861762765795,314159,314159,0
26,2026-07-11T08:20:29Z,0.00031551188223171903,0.007544939234906956,0.00020263646741567332,0.9998201445450574,0.9374593539995665,0.9372907468209627,0.9426988313059957,0,1267.1961468076333,22.100326837040484,314159,314159,0
27,2026-07-11T08:41:48Z,0.0003291936231149106,0.007450176100384761,0.0002000768817695775,0.9998058605661825,0.9380013006720139,0.9378191976305814,0.9426988313059957,0,1257.1999064134434,21.907581170089543,314159,314159,0
28,2026-07-11T09:03:01Z,0.00032764118016246626,0.0074808188268165356,0.0001818761596844598,0.999816806404565,0.9396271406893562,0.939455007015085,0.9426988313059957,0,1251.1827764911577,22.083143525756896,314159,314159,0
29,2026-07-11T09:24:19Z,0.00033782001291346545,0.0073058551554551435,0.00020195400874611357,0.9998160625989589,0.9395187513548667,0.9393459387175132,0.9426988313059957,0,1255.299443056807,21.832725233398378,314159,314159,0
30,2026-07-11T09:45:33Z,0.00033178650783598565,0.007266204081619214,0.00018930462671804316,0.9998240681541095,0.9394103620203772,0.9392450898213383,0.9426988313059957,0,1251.8277117256075,22.249512668699026,314159,314159,0
31,2026-07-11T10:06:55Z,0.00030490029270027584,0.007105022712101414,0.00015887952475468259,0.999846122053048,0.9298721005853025,0.9297290137755364,0.9426988313059957,0,1259.5189147312194,22.507155970670283,314159,314159,0
32,2026-07-11T10:28:16Z,0.00031455566011975703,0.007087853525789585,0.00020084093761381982,0.9998047182862134,0.940711034034251,0.940527330371347,0.9426988313059957,0,1258.1919875890017,21.91002555191517,314159,314159,0
33,2026-07-11T10:49:29Z,0.00031466537176310353,0.006934942968658489,0.0001904568665992623,0.9998142998476225,0.9364838499891611,0.9363099447955191,0.9426988313059957,0,1251.0280399732292,22.22600041422993,314159,314159,0
34,2026-07-11T11:10:46Z,0.0003086734636546262,0.0067889321208453824,0.00017804718790711993,0.999821587185882,0.9300888792542814,0.9299229394799537,0.9426988313059957,0,1254.7277543265373,21.91219737008214,314159,314159,0
35,2026-07-11T11:32:13Z,0.00030368901184708657,0.006718849875190221,0.00018805321944542097,0.9998143114931974,0.9437459353999567,0.9435706926264112,0.9435706926264112,1,1263.9840153921396,22.173053285107017,314159,314159,0
36,2026-07-11T11:53:25Z,0.0003148094410129064,0.006814116475915577,0.0001882598700439786,0.9998316010373578,0.937350964665077,0.9371931157349956,0.9435706926264112,0,1250.6136652454734,21.542376516386867,314159,314159,0
37,2026-07-11T12:14:42Z,0.0003107384532173899,0.006586024889859573,0.00018539603321249487,0.9998174982662336,0.9442878820724041,0.9441155478967512,0.9441155478967512,1,1253.4078240888193,22.65991677995771,314159,314159,0
38,2026-07-11T12:35:52Z,0.00030381306088334497,0.006533660788518978,0.00019296684515958894,0.9998141998983121,0.9406026446997615,0.9404278806327284,0.9441155478967512,0,1247.4753722986206,22.182014021091163,314159,314159,0
39,2026-07-11T12:57:14Z,0.0003022627815985225,0.006483564508427975,0.00020065831657060606,0.9998106298503713,0.9488402341209625,0.9486605521038532,0.9486605521038532,1,1259.527892849408,22.49164958950132,314159,314159,0
40,2026-07-11T13:18:32Z,0.00029097781876741724,0.006225765580860045,0.00020583079629058254,0.9998155763444957,0.9475395621070887,0.9473648133973099,0.9486605521038532,0,1255.655919995159,22.041823018342257,314159,314159,0
41,2026-07-11T13:39:47Z,0.00029449259627735295,0.006321478413232039,0.000188448825015608,0.9998168993590989,0.9433123780619987,0.9431396569610057,0.9486605521038532,0,1252.7265541078523,21.832101135514677,314159,314159,0
42,2026-07-11T14:01:05Z,0.0002897084576819477,0.006254526654526909,0.00021031330876163155,0.9998253235824409,0.9391935833513982,0.939029528380864,0.9486605521038532,0,1256.3334123445675,21.739879245869815,314159,314159,0
43,2026-07-11T14:22:19Z,0.00030602960916303445,0.00612833672637993,0.00017470868046703947,0.9998177542293587,0.9462388900932148,0.946066442057479,0.9486605521038532,0,1251.5549921421334,22.539952732622623,314159,314159,0
44,2026-07-11T14:43:35Z,0.00028121114331662746,0.006299007319568307,0.0001702053730228803,0.9998332112721059,0.9425536527205723,0.9423964453958631,0.9486605521038532,0,1252.9571587285027,22.180156758986413,314159,314159,0
45,2026-07-11T15:04:49Z,0.0002811936461243278,0.006086912059807673,0.0002094496880236818,0.9998129111313593,0.9467808367656623,0.946603704610061,0.9486605521038532,0,1251.73333385773,21.901937495917082,314159,314159,0
46,2026-07-11T15:25:59Z,0.00028487711970757665,0.0060713572461284886,0.00018803822783150403,0.9998186506966815,0.9410362020377195,0.9408655457780826,0.9486605521038532,0,1248.5444197477773,21.73806480038911,314159,314159,0
47,2026-07-11T15:47:08Z,0.00029538849222990267,0.005928556280278421,0.0002061716609582409,0.9998276895596862,0.9469976154346412,0.9468344378585495,0.9486605521038532,0,1246.2967785643414,22.03307453263551,314159,314159,0
48,2026-07-11T16:08:15Z,0.00028706730517363214,0.005990602346235242,0.00018913892725625604,0.999811819186143,0.9463472794277044,0.9461691950264703,0.9486605521038532,0,1245.2110496563837,22.06090299040079,314159,314159,0
49,2026-07-11T16:29:38Z,0.00028755231714033575,0.0059292019549630785,0.00019749277941143672,0.9998041047968144,0.9561023195317581,0.9559150236736071,0.9559150236736071,1,1259.6886295918375,22.526038858108222,314159,314159,0
50,2026-07-11T16:50:57Z,0.0002791311369812934,0.005980778590831237,0.00019141478404120172,0.999817287310934,0.9465640580966833,0.9463911088322552,0.9559150236736071,0,1257.2168673407286,22.11105416622013,314159,314159,0
51,2026-07-11T17:12:02Z,0.00028643342554592397,0.00580124118544423,0.00018947043130042142,0.9998358350345162,0.9393019726858877,0.9391477722099628,0.9559150236736071,0,1243.0815995894372,21.797695006243885,314159,314159,0
52,2026-07-11T17:33:13Z,0.0002880366057169191,0.005719738709978063,0.00016804422730734903,0.999830240388999,0.9421200953826143,0.941960161441706,0.9559150236736071,0,1248.210884185508,21.880552327260375,314159,314159,0
53,2026-07-11T17:54:22Z,0.00028417441429686444,0.005682094626545073,0.0001949818929478808,0.9998236994342763,0.9486234554519836,0.9484562126001286,0.9559150236736071,0,1246.2977515785024,22.34159520920366,314159,314159,0
54,2026-07-11T18:15:38Z,0.00027102343818076875,0.0056372117901595,0.00019577874510288363,0.9998195891219097,0.9502492954693258,0.9500778601595254,0.9559150236736071,0,1254.208618188277,22.0002082567662,314159,314159,0
55,2026-07-11T18:36:47Z,0.0002790130207656187,0.005493315593765909,0.00019355817373866157,0.9998214871885812,0.9506828528072838,0.9505131437384615,0.9559150236736071,0,1246.1834086002782,22.55363751668483,314159,314159,0
56,2026-07-11T18:58:04Z,0.0002756686389926171,0.005615753669554797,0.0001857841751119782,0.9998214824071283,0.9450466074138305,0.9448778999683234,0.9559150236736071,0,1254.3740682760254,21.92695984058082,314159,314159,0
57,2026-07-11T19:19:20Z,0.0002688809503810651,0.005488148040859615,0.00019462344493833216,0.999834329819745,0.9453717754172989,0.9452151555048575,0.9559150236736071,0,1253.6562358802184,22.283494505099952,314159,314159,0
58,2026-07-11T19:40:33Z,0.00027867287660188797,0.0054783623646852166,0.00018965870758089865,0.9998322620923612,0.9406026446997615,0.94044486998022,0.9559150236736071,0,1251.182723809965,21.927253159694374,314159,314159,0
59,2026-07-11T20:01:38Z,0.00028110390531684444,0.005400077362379599,0.00017897743833614088,0.9998243576418687,0.9394103620203772,0.939245361769139,0.9559150236736071,0,1242.7793835159391,22.169969640672207,314159,314159,0
60,2026-07-11T20:22:45Z,0.00027160184145500637,0.005381392642538814,0.00019315104659638844,0.9998217343832739,0.9518751354866681,0.9517054488785944,0.9559150236736071,0,1244.2119196727872,21.99714160244912,314159,314159,0
61,2026-07-11T20:44:03Z,0.0002735322583039335,0.005180713005275623,0.00019538334935251866,0.9998237553938496,0.9484066767830045,0.9482395252217845,0.9559150236736071,0,1255.7568554189056,21.822655932977796,314159,314159,0
62,2026-07-11T21:05:18Z,0.00026901881884913763,0.005253211738946073,0.00019622443061985352,0.9998129386004491,0.9500325168003468,0.9498548023881352,0.9559150236736071,0,1253.0391306784004,22.14389114268124,314159,314159,0
63,2026-07-11T21:26:31Z,0.0002782491082389053,0.00524516509228622,0.00020443604805129746,0.9998248686514886,0.9508996314762628,0.9507330991415033,0.9559150236736071,0,1249.6481109419838,22.68697909358889,314159,314159,0
64,2026-07-11T21:47:40Z,0.0002658987823999676,0.005217369911908353,0.00016034887232752482,0.9998276285404518,0.9511164101452417,0.9509524648214248,0.9559150236736071,0,1246.884094055742,22.166892142035067,314159,314159,0
65,2026-07-11T22:08:47Z,0.0002572763362283922,0.005223062721984621,0.00017207847599589877,0.9998348767906492,0.9451549967483199,0.9449989297219229,0.9559150236736071,0,1244.8277775030583,21.624250885099173,314159,314159,0
66,2026-07-11T22:29:52Z,0.00025863591565511895,0.005184231324988307,0.00015333572527199358,0.999840200003883,0.944938218079341,0.9447872169557611,0.9559150236736071,0,1242.9159008245915,21.952939433045685,314159,314159,0
67,2026-07-11T22:51:00Z,0.00025916571458152807,0.005061378778069622,0.00018081112009899148,0.9998211953460547,0.9477563407760676,0.9475868775315307,0.9559150236736071,0,1246.019035606645,21.7735633617267,314159,314159,0
68,2026-07-11T23:12:14Z,0.00025726672907041073,0.00505901004717024,0.00016641865082344108,0.9998317354881874,0.948515066117494,0.9483554646929468,0.9559150236736071,0,1252.3347790017724,21.846022326499224,314159,314159,0
69,2026-07-11T23:33:29Z,0.0002558575324510123,0.005123670093441176,0.00016559306719114098,0.9998181458563971,0.9564274875352266,0.9562535572335625,0.9562535572335625,1,1251.6505007529631,22.46984425280243,314159,314159,0
70,2026-07-11T23:54:44Z,0.0002586905438988244,0.004985978105624465,0.0001892328646529906,0.999816723986074,0.9507912421417732,0.9506169849128377,0.9562535572335625,0,1253.278279707767,22.011398477479815,314159,314159,0
71,2026-07-12T00:16:01Z,0.0002590191707097755,0.005049867610959244,0.0002052117941576037,0.9998260344718246,0.9517667461521786,0.9516011715474845,0.9562535572335625,0,1254.4182241149247,22.055467849597335,314159,314159,0
72,2026-07-12T00:37:15Z,0.0002554440033198879,0.00485606691789852,0.0001883121873943572,0.9998321778304734,0.9528506394970735,0.9526907300355183,0.9562535572335625,0,1251.945978355594,22.105544114485383,314159,314159,0
73,2026-07-12T00:58:25Z,0.00023701354262032018,0.0049276271202554345,0.0002305256012671031,0.99980102551958,0.9592456102319532,0.959054744835062,0.959054744835062,1,1246.8407300719991,22.233172729611397,314159,314159,0
74,2026-07-12T01:19:34Z,0.0002440855505911665,0.004793104792064844,0.00016383694855821586,0.9998207664282525,0.948515066117494,0.9483450603743374,0.959054744835062,0,1246.504463586025,22.29228208400309,314159,314159,0
75,2026-07-12T01:40:48Z,0.00024295727794916165,0.0049053358346022305,0.00017297362080369804,0.9998436007560814,0.9551268155213527,0.9549774344095587,0.959054744835062,0,1251.4007270494476,22.23649679683149,314159,314159,0
76,2026-07-12T02:01:52Z,0.000261123890844745,0.004777031704940162,0.00016073087873798186,0.9998456615096729,0.9468892261001517,0.9467430846464884,0.959054744835062,0,1242.5121038863435,21.544497260823846,314159,314159,0
77,2026-07-12T02:23:04Z,0.0002504851033663069,0.004808028151539113,0.00019271623482112755,0.9998337430350904,0.9535009755040104,0.9533424493257847,0.959054744835062,0,1249.739464293234,21.710885771550238,314159,314159,0
78,2026-07-12T02:44:10Z,0.00025479676770506646,0.004737407641748993,0.000184724517259931,0.9998275318916462,0.9468892261001517,0.9467259179065056,0.959054744835062,0,1244.0128335133195,22.00609903410077,314159,314159,0
79,2026-07-12T03:05:17Z,0.0002500910696659571,0.004775546492540059,0.0001657341900683229,0.9998395131737001,0.9535009755040104,0.9533479511585778,0.959054744835062,0,1245.2458974793553,21.775178496725857,314159,314159,0
80,2026-07-12T03:26:22Z,0.00024754586931871624,0.004764625897438681,0.00018863719453479421,0.9998349176546226,0.9512247994797312,0.9510677690588519,0.959054744835062,0,1242.944258610718,21.438276397064328,314159,314159,0
81,2026-07-12T03:47:19Z,0.00024348334248079618,0.004601241493804831,0.00017633587997998302,0.999827384167431,0.9535009755040104,0.9533363861392684,0.959054744835062,0,1234.8038149103522,21.60110218822956,314159,314159,0
82,2026-07-12T04:08:20Z,0.0002399539374631893,0.004682706126207612,0.00017177762051697964,0.9998312611165349,0.9508996314762628,0.9507391777341601,0.959054744835062,0,1239.6979885809124,21.713564080186188,314159,314159,0
83,2026-07-12T04:29:28Z,0.00024355863452930445,0.004549770836167811,0.00016088088602204788,0.9998460484411926,0.9554519835248212,0.9553048902025919,0.959054744835062,0,1245.130714038387,22.72654959373176,314159,314159,0
84,2026-07-12T04:50:39Z,0.0002445959138564572,0.004675273234877456,0.00018823204289951213,0.9998437369977835,0.9579449382180794,0.9577952468660753,0.959054744835062,0,1248.6667387308553,22.093476408161223,314159,314159,0
85,2026-07-12T05:11:45Z,0.00024290400282928008,0.004555420744120669,0.00018543444867915703,0.9998303818667986,0.9553435941903317,0.9551815505933192,0.959054744835062,0,1243.737963073887,22.004834898747504,314159,314159,0
86,2026-07-12T05:32:55Z,0.00023664739414984933,0.004576891448731904,0.00018391699625254222,0.9998340387728482,0.9482982874485151,0.9481409067010241,0.959054744835062,0,1247.598299219273,21.952170102857053,314159,314159,0
87,2026-07-12T05:53:59Z,0.0002446657789312649,0.0044478611435790774,0.00016321732634029916,0.9998370767302451,0.9541513115109473,0.9539958580594351,0.959054744835062,0,1241.9448378551751,21.71562433242798,314159,314159,0
88,2026-07-12T06:15:02Z,0.00023765141659434815,0.004518698077200218,0.0001683489462004864,0.9998403229812685,0.9515499674831996,0.9513980268212179,0.959054744835062,0,1241.0463173305616,21.63491642102599,314159,314159,0
89,2026-07-12T06:36:03Z,0.0002409452404044824,0.004448479278158581,0.00017247790995597145,0.9998469397750872,0.9552352048558422,0.9550889963405423,0.959054744835062,0,1239.2067636866122,21.73643601872027,314159,314159,0
90,2026-07-12T06:57:03Z,0.0002289657591152315,0.004501688479013096,0.0001846701730047884,0.999826439684033,0.9552352048558422,0.9550694139318646,0.959054744835062,0,1237.853707072325,21.760156573727727,314159,314159,0
91,2026-07-12T07:18:14Z,0.00023037231904837684,0.0044494008719295815,0.00017738842717746284,0.9998458001502485,0.9553435941903317,0.9551962803516464,0.959054744835062,0,1248.6846932768822,22.009189143776894,314159,314159,0
92,2026-07-12T07:39:13Z,0.00023433921085265965,0.004461735493107772,0.00016737890658920395,0.9998471243799013,0.9513331888142207,0.9511877531630603,0.959054744835062,0,1236.9761365568265,21.65650890674442,314159,314159,0
93,2026-07-12T08:00:16Z,0.00024091124307927813,0.004446066799741624,0.00016243638582045473,0.9998352789245503,0.9606546715803165,0.960496431509678,0.960496431509678,1,1241.348485518247,21.88769092131406,314159,314159,0
94,2026-07-12T08:21:22Z,0.00023254159450362334,0.004407675413381679,0.00015922283609812293,0.9998475471857532,0.9566442662042055,0.9564984230935896,0.960496431509678,0,1242.8750895773992,22.177222525700927,314159,314159,0
95,2026-07-12T08:42:30Z,0.00024405161767726476,0.0043912901321638415,0.00015212898777551388,0.9998471481688055,0.956319098200737,0.9561729230753707,0.960496431509678,0,1246.080897891894,21.66577969957143,314159,314159,0
96,2026-07-12T09:03:29Z,0.0002288770294520351,0.004311104506069395,0.00017056123093579843,0.999836125760475,0.9553435941903317,0.9551870379853487,0.960496431509678,0,1237.8782266564667,21.43809635285288,314159,314159,0
97,2026-07-12T09:24:36Z,0.00023128350085441067,0.0042557583440594226,0.00016903204345696421,0.9998429179280544,0.9544764795144158,0.9543265483713903,0.960496431509678,0,1245.5384861072525,21.526149542070925,314159,314159,0
98,2026-07-12T09:45:38Z,0.0002261400599072941,0.004456285008241712,0.00014082925479033282,0.9998511275187928,0.9623889009321482,0.9622456277085802,0.9622456277085802,1,1239.3274326305836,21.754185150377452,314159,314159,0
99,2026-07-12T10:06:33Z,0.00022124931352294542,0.004172404814058895,0.00015020061006612462,0.9998422113190941,0.9575113808801214,0.95736029642238,0.9622456277085802,0,1232.5615848740563,21.773725917562842,314159,314159,0
100,2026-07-12T10:27:33Z,0.00022281322211332937,0.00432239152090724,0.00013752979077919948,0.9998559633473925,0.9537177541729894,0.953580383860146,0.9622456277085802,0,1237.9885818930343,21.723637674935162,314159,314159,0
101,2026-07-12T10:48:36Z,0.000224961698732859,0.004251228009593597,0.00016967307670745946,0.9998345027980744,0.9584868848905268,0.958328257992995,0.9622456277085802,0,1241.7555528990924,21.582233302295208,314159,314159,0
102,2026-07-12T11:09:35Z,0.00021051920073525868,0.004244727779044845,0.0001544938065723167,0.9998498591936056,0.9561023195317581,0.955958769558508,0.9622456277085802,0,1236.6975187258795,21.64261411037296,314159,314159,0
103,2026-07-12T11:30:30Z,0.0002190631338153822,0.0040909708040944796,0.00015922999923055097,0.9998609178394174,0.9554519835248212,0.9553190971986196,0.9622456277085802,0,1233.8000823659822,21.636823195964098,314159,314159,0
104,2026-07-12T11:51:34Z,0.0002138861911416841,0.004265250495232763,0.00017304514987859953,0.9998267639033557,0.9580533275525688,0.9578873581337265,0.9622456277085802,0,1241.7770282290876,21.639349835924804,314159,314159,0
105,2026-07-12T12:12:34Z,0.00022865068197754486,0.004179606923000392,0.00015589376919537045,0.9998453434563072,0.9543680901799263,0.9542204909096883,0.9622456277085802,0,1237.9425385911018,21.945210529491305,314159,314159,0
106,2026-07-12T12:33:40Z,0.00021450945661024247,0.004191260432239323,0.0001474771219061327,0.9998444548519863,0.9536093648384999,0.9534610355286988,0.9622456277085802,0,1243.584959499538,21.917907055467367,314159,314159,0
107,2026-07-12T12:54:48Z,0.00022699610796500925,0.004089926920953475,0.00017059691629452256,0.9998394656424272,0.9608714502492954,0.9607171973683196,0.9622456277085802,0,1245.4938317155465,22.263827957212925,314159,314159,0
108,2026-07-12T13:15:55Z,0.00021588772594004712,0.004254383962543075,0.00013868337952727293,0.9998540539877602,0.9507912421417732,0.9506524779515101,0.9622456277085802,0,1244.4894186025485,22.00177934486419,314159,314159,0
109,2026-07-12T13:37:21Z,0.00022113886681856187,0.003998214569541297,0.00016539088539618162,0.9998419638624032,0.9568610448731845,0.9567098262494359,0.9622456277085802,0,1264.591400405392,21.36755254957825,314159,314159,0
110,2026-07-12T13:58:16Z,0.0002122531352011224,0.004175352007197448,0.0001632595017024574,0.9998500040896743,0.9596791675699111,0.9595352196195508,0.9622456277085802,0,1233.6076559070498,21.525552191771567,314159,314159,0
111,2026-07-12T14:19:16Z,0.00021677238630114933,0.004066908845441295,0.00014930568256074362,0.9998530954053065,0.9597875569044007,0.9596465597023618,0.9622456277085802,0,1236.9044154537842,22.02682090550661,314159,314159,0
112,2026-07-12T14:40:17Z,0.00021610436378503682,0.004040949604449464,0.000182048809684372,0.999823253379427,0.960329503576848,0.9601597685824542,0.9622456277085802,0,1239.3907721983269,21.73821632564068,314159,314159,0
113,2026-07-12T15:01:19Z,0.00021612489426249616,0.0040992419051453805,0.00015864236455161772,0.999852691537828,0.9548016475178842,0.954660997155509,0.9622456277085802,0,1239.5286637563258,21.69887518044561,314159,314159,0
114,2026-07-12T15:22:38Z,0.00023335012832850183,0.003962343036875542,0.00015826451722217582,0.9998348934703957,0.9561023195317581,0.9559444607958335,0.9622456277085802,0,1257.0959955379367,21.60628562513739,314159,314159,0
115,2026-07-12T15:43:36Z,0.00022327012368946727,0.003981349227866637,0.0001367040736503289,0.9998617164910035,0.9539345328419684,0.9538026194274141,0.9622456277085802,0,1236.0739731965587,22.15942011307925,314159,314159,0
116,2026-07-12T16:04:28Z,0.00022048154540670617,0.003884006480759998,0.00016920975959879237,0.9998438694008757,0.9550184261868632,0.9548693185878079,0.9622456277085802,0,1229.7664032904431,21.397374433465302,314159,314159,0
117,2026-07-12T16:25:27Z,0.00021632439799430014,0.003962451735791312,0.00015720533150335615,0.9998453169905711,0.9551268155213527,0.9549790736311417,0.9622456277085802,0,1237.5230660131201,21.5108375614509,314159,314159,0
118,2026-07-12T16:46:27Z,0.00021826582365919379,0.003927388848370367,0.0001592932429773558,0.9998392476492756,0.9604378929113375,0.9602835002623272,0.9622456277085802,0,1238.3751203669235,21.529033857397735,314159,314159,0
119,2026-07-12T17:07:21Z,0.0002225854616313015,0.004003780355198877,0.00018488962721373626,0.9998390336054609,0.9602211142423586,0.9600665509116386,0.9622456277085802,0,1232.7902062134817,21.642622184939682,314159,314159,0
120,2026-07-12T17:29:05Z,0.0002106316725399826,0.003962517318136031,0.00015441276243788438,0.9998542375062487,0.9535009755040104,0.9533619908240266,0.9622456277085802,0,1280.0347369825467,23.10824333038181,314159,314159,0
121,2026-07-12T17:49:57Z,0.0002120617570924213,0.0038704972886142103,0.00015499505510063516,0.9998537653800834,0.960329503576848,0.9601890701568977,0.9622456277085802,0,1230.061840715818,21.727238507010043,314159,314159,0
122,2026-07-12T18:10:46Z,0.00021504268404259533,0.0038931497730813175,0.00015037038662740892,0.9998573589340319,0.957186212876653,0.9570496788149183,0.9622456277085802,0,1226.7908618971705,21.74461764190346,314159,314159,0
123,2026-07-12T18:31:37Z,0.00020994446944414655,0.0037721738606660894,0.00015962941997219482,0.9998418131924283,0.9595707782354216,0.9594189867973734,0.9622456277085802,0,1229.118127782829,21.68857740610838,314159,314159,0
124,2026-07-12T18:52:32Z,0.00020806461180464928,0.003846307431360164,0.00016674142191922702,0.9998354667560205,0.9602211142423586,0.9600631259474947,0.9622456277085802,0,1232.9348865663633,21.708162403665483,314159,314159,0
125,2026-07-12T19:13:35Z,0.00021185235716524877,0.0040850167038453756,0.00015296228118662602,0.9998494148726781,0.9591372208974637,0.9589927890969356,0.9622456277085802,0,1241.8664926420897,21.665190218016505,314159,314159,0
126,2026-07-12T19:34:34Z,0.00020791591522296735,0.003993920115281551,0.00014712915974969266,0.9998554814934826,0.9542597008454368,0.9541217926586408,0.9622456277085802,0,1236.5911142639816,21.991356264799833,314159,314159,0
127,2026-07-12T19:55:21Z,0.00020929491404426614,0.003675410939302265,0.00017450319354585158,0.9998429212943285,0.9581617168870583,0.9580112100847458,0.9622456277085802,0,1224.6225824393332,21.382677221670747,314159,314159,0
128,2026-07-12T20:16:11Z,0.00021482038420331755,0.0036970939807683036,0.0001121054087473894,0.9998694101758032,0.9579449382180794,0.9578198403570073,0.9622456277085802,0,1228.6345671750605,21.88322325889021,314159,314159,0
129,2026-07-12T20:37:12Z,0.00020343388743868698,0.003855439359873307,0.00015412427707633624,0.9998407148979584,0.9595707782354216,0.9594179329060942,0.9622456277085802,0,1238.5848062271252,21.552809282206,314159,314159,0
130,2026-07-12T20:58:04Z,0.00020208655895382203,0.0038573575085522373,0.00014650755134267056,0.9998545969926066,0.9579449382180794,0.9578056501431451,0.9622456277085802,0,1230.5556628648192,21.37796960864216,314159,314159,0
131,2026-07-12T21:19:36Z,0.00020447068702248044,0.0037440094745495854,0.00014422927667164824,0.9998544824393776,0.9623889009321482,0.9622488564469145,0.9622488564469145,1,1266.3848150335252,25.38521842006594,314159,314159,0
132,2026-07-12T21:40:34Z,0.00020626312185685717,0.0037599884308350874,0.00017752806494739245,0.999837577864111,0.960763060914806,0.960607011726369,0.9622488564469145,0,1235.6279419297352,21.465458150021732,314159,314159,0
133,2026-07-12T22:01:18Z,0.00020387977847584072,0.0036786714810538505,0.00016573823593445613,0.9998346035795084,0.9668328636462172,0.9666729529513565,0.9666729529513565,1,1222.5038604270667,21.36489800363779,314159,314159,0
134,2026-07-12T22:22:05Z,0.00020695485414218385,0.003775876256245818,0.0001627906201662399,0.9998521619351723,0.9635811836115327,0.9634387296340432,0.9666729529513565,0,1225.968456538394,21.311256892979145,314159,314159,0
135,2026-07-12T22:42:53Z,0.0001999331758656688,0.0036691213184833716,0.00013388314848208015,0.9998568673312005,0.9618469542597008,0.9617092825381609,0.9666729529513565,0,1225.38396974653,21.48864243645221,314159,314159,0
136,2026-07-12T23:03:46Z,0.0002087410844810075,0.0037916017852000425,0.00014403950025783098,0.9998523170427357,0.960112724907869,0.9599709326213476,0.9666729529513565,0,1231.201354646124,21.56477762851864,314159,314159,0
137,2026-07-12T23:24:37Z,0.0002059868679731027,0.003621010091013383,0.00015573500944116025,0.999852457122056,0.9672664209841751,0.9671237077126845,0.9671237077126845,1,1229.1526312539354,21.853633138351142,314159,314159,0
138,2026-07-12T23:45:25Z,0.0002007193643744846,0.0036107147710378222,0.00012961825634623226,0.9998635151002269,0.9595707782354216,0.9594398113139289,0.9671237077126845,0,1226.5695882579312,21.445575173012912,314159,314159,0
139,2026-07-13T00:06:08Z,0.00020713542529650667,0.003583740783456444,0.00015914001861476568,0.9998572128407954,0.9602211142423586,0.9600840069972476,0.9671237077126845,0,1221.5519364085048,21.24868501909077,314159,314159,0
140,2026-07-13T00:27:05Z,0.00019497291340241183,0.0038434514871483767,0.00015593136315836308,0.9998499232927331,0.9592456102319532,0.9591016498093095,0.9671237077126845,0,1235.1075612213463,21.376148055307567,314159,314159,0
141,2026-07-13T00:47:54Z,0.0001999696779582427,0.003667941402890652,0.00014446616228888765,0.9998464026753154,0.963906351615001,0.9637582981781465,0.9671237077126845,0,1227.318196222186,21.833204209804535,314159,314159,0
142,2026-07-13T01:08:39Z,0.00019711103358012648,0.0035780706751458186,0.0001618032818942916,0.9998490045937258,0.9619553435941903,0.9618100927562667,0.9671237077126845,0,1223.078612683341,21.669358484447002,314159,314159,0
143,2026-07-13T01:29:24Z,0.00019101691796519058,0.003697463576557699,0.00014046626894811175,0.9998516573433971,0.9606546715803165,0.9605121655142562,0.9671237077126845,0,1223.302281443961,21.467269118875265,314159,314159,0
144,2026-07-13T01:50:18Z,0.00020050889496463076,0.0036246687582426503,0.00013102925241299606,0.9998607671604475,0.9597875569044007,0.9596539229574856,0.9671237077126845,0,1231.996359732002,21.45057054515928,314159,314159,0
145,2026-07-13T02:11:12Z,0.00020758420544016002,0.0035573695543347937,0.00015714234584773474,0.9998522205179934,0.9596791675699111,0.9595373466796351,0.9671237077126845,0,1231.825715912506,21.613350798375905,314159,314159,0
146,2026-07-13T02:32:04Z,0.00020755804047271477,0.0036235371998458435,0.0001560527186044619,0.9998500836725118,0.9589204422284847,0.9587766843974325,0.9671237077126845,0,1230.2649857634678,21.846351793035865,314159,314159,0
147,2026-07-13T02:52:56Z,0.00019009636968944088,0.0038307574781995804,0.00013309522927859918,0.9998529338347355,0.9636895729460221,0.9635478468160236,0.9671237077126845,0,1230.300273168832,21.492924155667424,314159,314159,0
148,2026-07-13T03:13:43Z,0.00019643272638775818,0.003466476079547691,0.00014796554765770132,0.9998491981242752,0.9694342076739649,0.9692880151770559,0.9692880151770559,1,1224.7110118186101,21.6536082085222,314159,314159,0
149,2026-07-13T03:34:29Z,0.00020250385275193637,0.003426209071628897,0.00013868822874264775,0.9998484031760982,0.9613050075872535,0.9611592768013024,0.9692880151770559,0,1223.9501999504864,21.987596390768886,314159,314159,0
150,2026-07-13T03:55:18Z,0.0001978211278558973,0.003602686217871692,0.00014264850823864555,0.9998513935725057,0.9671580316496857,0.9670143057497799,0.9692880151770559,0,1226.6416790904477,22.038634032942355,314159,314159,0
151,2026-07-13T04:16:07Z,0.00019274367671791992,0.0035813706607881485,0.000141178509276928,0.9998430860919506,0.9667244743117277,0.9665727817964564,0.9692880151770559,0,1227.459139247425,21.674662563949823,314159,314159,0
152,2026-07-13T04:37:00Z,0.00019084853352393854,0.0035107011660604815,0.00015269226356371847,0.9998318610836759,0.9616301755907218,0.9614684881350934,0.9692880151770559,0,1230.4438438704237,21.645300498232245,314159,314159,0
153,2026-07-13T04:57:51Z,0.00019777083008990092,0.0035405512930026905,0.00013873269252885316,0.9998436883723217,0.9659657489703013,0.9658147572917983,0.9692880151770559,0,1229.1120226476341,21.633347744122148,314159,314159,0
154,2026-07-13T05:18:38Z,0.0001917168904714597,0.003547297297889937,0.00017561013669648435,0.9998348061871054,0.9675915889876436,0.9674317488437341,0.9692880151770559,0,1225.9575562477112,21.66118866018951,314159,314159,0
155,2026-07-13T05:39:23Z,0.00019992679431935048,0.003507452463878433,0.00014219989961456196,0.999837806051587,0.9629308476045957,0.962774666048374,0.9692880151770559,0,1223.265655996278,21.463794408366084,314159,314159,0
156,2026-07-13T06:00:10Z,0.00018947056703977707,0.0034766028582905,0.0001575562334243802,0.9998323001086645,0.9619553435941903,0.9617940237876,0.9692880151770559,0,1224.9791383044794,21.414167954586446,314159,314159,0
157,2026-07-13T06:20:52Z,0.00019006908473948364,0.003452514473353038,0.00015254770758900082,0.9998483207576254,0.9643399089529591,0.9641936386061775,0.9692880151770559,0,1220.3201750237495,21.61104242503643,314159,314159,0
158,2026-07-13T06:41:31Z,0.00019184500250073576,0.003475003919627464,0.00014477579126428747,0.999856841014109,0.9650986342943855,0.9649604717526151,0.9692880151770559,0,1217.6137636490166,21.07087667938322,314159,314159,0
159,2026-07-13T07:02:11Z,0.00019752907965661981,0.0033935896568928303,0.00014277615936128695,0.9998524988729756,0.9636895729460221,0.9635474276479108,0.9692880151770559,0,1217.69135869015,21.624203398823738,314159,314159,0
160,2026-07-13T07:22:53Z,0.00018763533910583783,0.0033927670343790327,0.0001790075363559329,0.9998244426181457,0.9666160849772383,0.9664463883881015,0.9692880151770559,0,1219.9068503985181,21.561861283145845,314159,314159,0
161,2026-07-13T07:43:40Z,0.00018749110844350287,0.0035078154978812172,0.00016178593809627496,0.9998324325974779,0.9655321916323434,0.9653703999109401,0.9692880151770559,0,1224.9551569083706,21.954289246350527,314159,314159,0
162,2026-07-13T08:04:23Z,0.0001894092122018446,0.003388357568153765,0.00014034635773313293,0.9998442910649926,0.9649902449598959,0.9648399873565607,0.9692880151770559,0,1221.2875341624022,21.83491479884833,314159,314159,0
163,2026-07-13T08:25:12Z,0.0001932027861081743,0.0033123031982676787,0.00013386149134862413,0.9998506375399135,0.9668328636462172,0.9666884551112106,0.9692880151770559,0,1227.2661614557728,21.45487299747765,314159,314159,0
164,2026-07-13T08:46:01Z,0.00019086808175606567,0.003420133666701572,0.00014499990828707794,0.9998506459185591,0.9657489703013223,0.9656047317509605,0.9692880151770559,0,1226.5917412890121,21.507114697247744,314159,314159,0
165,2026-07-13T09:06:40Z,0.00018620161268943994,0.0034779842202953175,0.00014536118183532565,0.9998472469772858,0.9678083676566226,0.9676605320030549,0.9692880151770559,0,1217.8859432060272,21.444039252586663,314159,314159,0
166,2026-07-13T09:27:20Z,0.00018714099595958247,0.0033588952200884837,0.000154208000971921,0.999854626075536,0.9681335356600911,0.967992794288607,0.9692880151770559,0,1217.8119102101773,21.648316013626754,314159,314159,0
167,2026-07-13T09:48:07Z,0.00019321768747511902,0.0034744764280948016,0.00011268980908680476,0.9998820285693099,0.9636895729460221,0.9635758851083605,0.9692880151770559,0,1225.133515164256,21.550690300762653,314159,314159,0
168,2026-07-13T10:08:48Z,0.00018706012642516492,0.0033004044214425955,0.00013617906763724403,0.9998595939255748,0.9695425970084544,0.9694064673384204,0.9694064673384204,1,1219.357701365836,21.670508961193264,314159,314159,0
169,2026-07-13T10:29:29Z,0.0001859338712508821,0.003446456686238976,0.00017857911032785904,0.9998231637790985,0.9665076956427487,0.9663367820743791,0.9694064673384204,0,1219.7204974684864,21.253279235213995,314159,314159,0
170,2026-07-13T10:50:13Z,0.00018876827725963546,0.0033416653155599265,0.00015503214955125966,0.9998337646501295,0.9653154129633644,0.965154943417955,0.9694064673384204,0,1222.2264188537374,21.229729450307786,314159,314159,0
171,2026-07-13T11:10:59Z,0.00018153957666772237,0.003531159105146475,0.00014297635728257764,0.9998450411747736,0.9643399089529591,0.9641904759735488,0.9694064673384204,0,1223.610641199164,21.79342761170119,314159,314159,0
172,2026-07-13T11:31:41Z,0.00018859730067845835,0.003311847602023696,0.00012967449591757302,0.9998612015562123,0.9600043355733796,0.9598710884655726,0.9694064673384204,0,1220.5450804941356,21.478886594995856,314159,314159,0
173,2026-07-13T11:52:31Z,0.00019128107084210043,0.00328233197384499,0.0001396823221614929,0.9998418224030232,0.96835031432907,0.9681971430033177,0.9694064673384204,0,1227.3582996260375,22.365974864922464,314159,314159,0
174,2026-07-13T12:13:17Z,0.00018868346129454256,0.003495534781533664,0.00013332050850715094,0.9998506014234294,0.9635811836115327,0.9634372259542909,0.9694064673384204,0,1223.9308050181717,21.266085132956505,314159,314159,0
175,2026-07-13T12:34:05Z,0.00018133783871723624,0.003230272581348126,0.00015849934407080601,0.9998524708337382,0.9692174290049859,0.9690744411657584,0.9694064673384204,0,1226.7188175609335,21.62212143652141,314159,314159,0
176,2026-07-13T12:54:50Z,0.00018061049709674844,0.0033502746960874575,0.000150810946015551,0.9998394674465262,0.972143941036202,0.9719878802870034,0.9719878802870034,1,1222.849603222683,21.521358177997172,314159,314159,0
177,2026-07-13T13:15:23Z,0.00018248621112111954,0.0032828493410718535,0.00015281334623098774,0.9998363922528459,0.9624972902666378,0.9623398182533354,0.9719878802870034,0,1211.5197825757787,21.76454114448279,314159,314159,0
178,2026-07-13T13:36:12Z,0.00018398788257653845,0.0035171557780951236,0.00013443526493782276,0.9998544327479295,0.9678083676566226,0.967667486452012,0.9719878802870034,0,1226.1502909036353,21.7148480117321,314159,314159,0
179,2026-07-13T13:56:48Z,0.00017546922938641956,0.0031563037659773966,0.00015851844644333826,0.9998452201933679,0.9649902449598959,0.9648408839563791,0.9719878802870034,0,1214.494447263889,21.547347004525363,314159,314159,0
180,2026-07-13T14:17:54Z,0.00019419407916195167,0.003336035929673635,0.00012978251167467314,0.9998704558055662,0.9678083676566226,0.9676829937012682,0.9719878802870034,0,1244.1919445255771,21.880108332261443,314159,314159,0
181,2026-07-13T14:38:38Z,0.0001857985862852819,0.0032971485830766184,0.0001449824739558976,0.999848739345753,0.9632560156080642,0.9631103128729359,0.9719878802870034,0,1222.2064683428034,21.522338180802763,314159,314159,0
182,2026-07-13T14:59:22Z,0.0001884486562707638,0.003248365324174488,0.0001561122829921144,0.9998537295237429,0.9595707782354216,0.9594304213606867,0.9719878802870034,0,1222.099404109642,21.33570323884487,314159,314159,0
183,2026-07-13T15:20:17Z,0.00018914922283308795,0.0032142508812857077,0.00015075007979938992,0.9998452090577958,0.9659657489703013,0.9658162262218812,0.9719878802870034,0,1232.9642205135897,21.726454905234277,314159,314159,0
184,2026-07-13T15:40:51Z,0.00018764331573832584,0.0032471645808246356,0.00013962952966422692,0.9998511763592768,0.963906351615001,0.9637628995624374,0.9719878802870034,0,1212.3798052109778,21.489349248819053,314159,314159,0
185,2026-07-13T16:01:43Z,0.00018556536447849229,0.003132698451330984,0.00014721639438803211,0.9998568661049784,0.9662909169737698,0.9661526079910993,0.9719878802870034,0,1230.1420684922487,21.354440924711525,314159,314159,0
186,2026-07-13T16:22:23Z,0.00018960159182212328,0.0032773037943925314,0.00015012961721064532,0.9998424728048524,0.9717103836982441,0.9715573128870043,0.9719878802870034,0,1218.0395385874435,21.59815537650138,314159,314159,0
187,2026-07-13T16:43:06Z,0.00018751308768636798,0.003235466692200587,0.00016264642184360097,0.9998386382973613,0.9696509863429439,0.9694945218088223,0.9719878802870034,0,1221.98710172344,21.500087259337306,314159,314159,0
188,2026-07-13T17:03:51Z,0.00018217772634286368,0.003347503010456592,0.0001328147406671694,0.9998687116158641,0.9631476262735746,0.9630211761780368,0.9719878802870034,0,1222.6820330712944,21.551977029070258,314159,314159,0
189,2026-07-13T17:24:37Z,0.00018825510352765674,0.003054913590107729,0.00016499599744142446,0.9998389371952449,0.9681335356600911,0.9679776053574601,0.9719878802870034,0,1221.2259432896972,24.148190182633698,314159,314159,0
190,2026-07-13T17:46:02Z,0.00018696544713583631,0.0033020035122477065,0.00013300087929807343,0.9998525273692226,0.9630392369390852,0.962897215009272,0.9719878802870034,0,1264.1345012495294,21.535942601040006,314159,314159,0
191,2026-07-13T18:07:01Z,0.00018511280341265493,0.0031787368160822688,0.00014109337605805515,0.9998571340431622,0.9653154129633644,0.9651775022532412,0.9719878802870034,0,1236.8030949318781,21.631119090132415,314159,314159,0
192,2026-07-13T18:27:41Z,0.00019334503774368178,0.0031831938568380193,0.00015216383460614326,0.9998342817535938,0.968567092998049,0.9684065837578706,0.9719878802870034,0,1217.9309781640768,21.494847912341356,314159,314159,0
193,2026-07-13T18:48:13Z,0.00018862103634087533,0.0031218050010814987,0.0001518968281846275,0.9998503909520647,0.9656405809668329,0.9654961123988668,0.9719878802870034,0,1210.7891234233975,21.325481325387955,314159,314159,0
194,2026-07-13T19:08:52Z,0.00018641041476272303,0.003202294871596784,0.00013769699901627005,0.9998562319338328,0.9734446130500759,0.9733046628005367,0.9733046628005367,1,1217.0278854807839,21.40130125451833,314159,314159,0
195,2026-07-13T19:29:34Z,0.0001870782805601654,0.0031269694040096056,0.00012245383341933258,0.9998520162056955,0.9698677650119228,0.9697242403000828,0.9733046628005367,0,1220.177542384714,21.7965477257967,314159,314159,0
196,2026-07-13T19:50:13Z,0.00018260661639649486,0.003316376309058459,0.0001350195761601279,0.9998538327459624,0.9681335356600911,0.967992026239642,0.9733046628005367,0,1217.2981757679954,21.3691337518394,314159,314159,0
197,2026-07-13T20:10:48Z,0.000184826237986987,0.003119878338445453,0.00013916987306892794,0.9998508009414435,0.9668328636462172,0.9666886130931798,0.9733046628005367,0,1212.3086064876989,21.899557411670685,314159,314159,0
198,2026-07-13T20:31:18Z,0.00018898499839288963,0.00317691943439504,0.00014977315919824098,0.9998566293456006,0.9633644049425536,0.9632262867573919,0.9733046628005367,0,1209.051989287138,21.184310806915164,314159,314159,0
199,2026-07-13T20:51:52Z,0.00018059145732500726,0.0031274788690214264,0.00013130270847726332,0.9998582844071138,0.964773466290917,0.9646367428471406,0.9733046628005367,0,1212.336194829084,21.547396308742464,314159,314159,0
200,2026-07-13T21:12:27Z,0.00018777467006219926,0.0031239073958849598,0.00013960710216788684,0.9998684455663042,0.9635811836115327,0.9634544202346027,0.9733046628005367,0,1213.5202851770446,21.34679708443582,314159,314159,0
201,2026-07-13T21:33:06Z,0.00018100994346255644,0.003054727365619713,0.00015388947967535149,0.9998467444733187,0.9649902449598959,0.9648423548716623,0.9733046628005367,0,1216.8796844659373,21.882325334474444,314159,314159,0
202,2026-07-13T21:53:34Z,0.00018189455186038117,0.0030299506672477458,0.00013123409806868914,0.9998678294970127,0.9675915889876436,0.9674637019206409,0.9733046628005367,0,1206.4883009623736,21.241573323495686,314159,314159,0
203,2026-07-13T22:14:17Z,0.00018218697390413278,0.003112773860009127,0.00014729504623409468,0.9998473963469033,0.952959028831563,0.9528136038025119,0.9733046628005367,0,1221.0965228788555,21.15401916950941,314159,314159,0
204,2026-07-13T22:35:04Z,0.0001844974418063125,0.003112161272155777,0.0001371464264868649,0.9998578318809244,0.9690006503360069,0.9688628893361656,0.9733046628005367,0,1218.1799577772617,28.895184062421322,314159,314159,0
205,2026-07-13T22:55:41Z,0.00018645902955522818,0.003265947356107986,0.00017667563198542214,0.9998357956834191,0.9684587036635595,0.9682996785639876,0.9733046628005367,0,1215.115840304643,21.42397124413401,314159,314159,0
206,2026-07-13T23:16:13Z,0.00018276361269252864,0.0030634122054175377,0.00012053629160307861,0.9998617136604697,0.9662909169737698,0.9661572921399402,0.9733046628005367,0,1209.5074876351282,22.9191563045606,314159,314159,0
207,2026-07-13T23:36:46Z,0.00017565999411272868,0.0030827692525547744,0.00014577639190918007,0.9998396698080597,0.9717103836982441,0.9715545891859154,0.9733046628005367,0,1210.8471323717386,21.50803998671472,314159,314159,0
208,2026-07-13T23:57:35Z,0.000167162652197211,0.00303119657221253,0.00014951875564319622,0.999851660722219,0.9672664209841751,0.9671229373818645,0.9733046628005367,0,1227.3124167099595,21.898712978698313,314159,314159,0
209,2026-07-14T00:18:13Z,0.0001751828911008668,0.0030979752061373205,0.00011781638680478767,0.9998702573361553,0.9668328636462172,0.9667074241749952,0.9733046628005367,0,1215.5071071870625,21.961824176833034,314159,314159,0
210,2026-07-14T00:38:46Z,0.0001747280240808582,0.00313287035041798,0.0001335165266529062,0.999858921884083,0.9622805115976588,0.962144754876099,0.9733046628005367,0,1210.913974840194,21.70259530749172,314159,314159,0
211,2026-07-14T00:59:13Z,0.00017641267502552065,0.003008589067471915,0.00016177275861407796,0.999852026564589,0.9649902449598959,0.9648474520382112,0.9733046628005367,0,1205.1321199629456,21.347970625385642,314159,314159,0
212,2026-07-14T01:19:42Z,0.00017790082348143803,0.003151903619126287,0.00013744973288889185,0.9998680152304286,0.960546282245827,0.9604195047661022,0.9733046628005367,0,1208.268482387066,21.188693155534565,314159,314159,0
213,2026-07-14T01:40:31Z,0.0001783200373351022,0.0030065586196212166,0.00011138150459673063,0.9998793573769613,0.960979839583785,0.9608639044552503,0.9733046628005367,0,1225.569196251221,23.18879850395024,314159,314159,0
214,2026-07-14T02:01:18Z,0.00018311140413488524,0.0029684751941605157,0.00015213921590177926,0.9998668294583195,0.9642315196184695,0.9641031123846966,0.9733046628005367,0,1225.0421818867326,21.498750648461282,314159,314159,0
215,2026-07-14T02:21:49Z,0.00018014310108804916,0.003069412851184503,0.00016668850339349354,0.9998405010058175,0.9695425970084544,0.9693879559394144,0.9733046628005367,0,1209.1303317612037,21.314759170636535,314159,314159,0
216,2026-07-14T02:42:19Z,0.00016868201037867613,0.003102201146261875,0.00014938948862168677,0.9998455814246054,0.9713852156947756,0.9712352157736087,0.9733046628005367,0,1208.2775626443326,21.185832939110696,314159,314159,0
217,2026-07-14T03:02:47Z,0.00018012427961331672,0.002906486509127264,0.0001355091792242466,0.9998521817746101,0.9684587036635595,0.9683155478166205,0.9733046628005367,0,1207.1591416066512,21.337411081418395,314159,314159,0
218,2026-07-14T03:23:32Z,0.00017779341684353344,0.003196216694158945,0.00011704852670042954,0.9998673735475802,0.9688922610015175,0.9687637602581638,0.9733046628005367,0,1222.4773277034983,21.78625848516822,314159,314159,0
219,2026-07-14T03:44:03Z,0.00017243491782393668,0.003051236170919715,0.0001296319887165312,0.9998562007049235,0.9653154129633644,0.9651766012874539,0.9733046628005367,0,1210.0459986953065,21.182487409561872,314159,314159,0
220,2026-07-14T04:04:29Z,0.00017747046765401877,0.0030036240393145437,0.00011970140812945007,0.9998650586907556,0.9628224582701063,0.9626925337470174,0.9733046628005367,0,1203.4823350086808,21.66688713710755,314159,314159,0
221,2026-07-14T04:24:57Z,0.00017557671824143948,0.0029283448295393854,0.0001323301404166919,0.9998569409587074,0.9652070236288749,0.9650689420374257,0.9733046628005367,0,1205.4967822199687,22.782501311041415,314159,314159,0
222,2026-07-14T04:45:39Z,0.00017809114713018863,0.003101748614360155,0.00012574074575183393,0.9998485067876893,0.96835031432907,0.9682036158293102,0.9733046628005367,0,1220.3119954997674,21.414794428274035,314159,314159,0
223,2026-07-14T05:06:10Z,0.00017238052663178207,0.003008201310220221,0.00012638030031197233,0.9998514556194801,0.9692174290049859,0.9690734572024052,0.9733046628005367,0,1209.0004800967872,21.07977718207985,314159,314159,0
224,2026-07-14T05:26:36Z,0.00017509689091883121,0.003038284115371524,0.00015597925988120653,0.9998524812576036,0.9665076956427487,0.9663651176429711,0.9733046628005367,0,1204.826697666198,21.211068007163703,314159,314159,0
225,2026-07-14T05:47:08Z,0.0001739716880418297,0.002926407455548683,0.00015400476890314023,0.9998425747505036,0.9695425970084544,0.969389966523223,0.9733046628005367,0,1210.1202586134896,21.292562442831695,314159,314159,0
226,2026-07-14T06:07:33Z,0.00017380717552376685,0.0030079187799234965,0.00015159032359987327,0.9998422123658678,0.9667244743117277,0.9665719371440683,0.9733046628005367,0,1203.4489193698391,21.25377952121198,314159,314159,0
227,2026-07-14T06:28:01Z,0.00017530795230491576,0.002907089578585854,0.00012419678297718464,0.9998510508705987,0.9705181010188597,0.9703735431926447,0.9733046628005367,0,1206.7462654039264,21.08645268343389,314159,314159,0
228,2026-07-14T06:48:21Z,0.00016800239451123588,0.0029441183242012304,0.00013595081038720604,0.9998500839687858,0.9623889009321482,0.962244623407636,0.9733046628005367,0,1199.219283866696,21.048302092589438,314159,314159,0
229,2026-07-14T07:08:38Z,0.00016958682606037248,0.002886395795723742,0.00013901520614422458,0.9998503704634423,0.9657489703013223,0.9656044657304651,0.9733046628005367,0,1195.395364693366,21.062951589003205,314159,314159,0
230,2026-07-14T07:29:00Z,0.00017777064102386387,0.002982488258889607,0.0001330352051924566,0.9998500157150769,0.9670496423151962,0.9669046000661085,0.9733046628005367,0,1200.1331345867366,21.23540346696973,314159,314159,0
231,2026-07-14T07:49:28Z,0.00017602498544466637,0.0028817230787913017,0.00013604183907351463,0.9998496436803748,0.9620637329286799,0.9619190805665518,0.9733046628005367,0,1206.5213861633092,21.837710560299456,314159,314159,0
232,2026-07-14T08:09:54Z,0.00017457992184460492,0.0028947343365371167,0.00014667600383727386,0.999848560854874,0.9663993063082593,0.9662529556234616,0.9733046628005367,0,1204.5224537318572,21.283192983828485,314159,314159,0
233,2026-07-14T08:30:18Z,0.0001732065065184098,0.002860871871167951,0.00013430162644423828,0.9998483762365077,0.9655321916323434,0.9653857940076751,0.9733046628005367,0,1201.7854002388194,21.116992957890034,314159,314159,0
234,2026-07-14T08:50:58Z,0.00017179578830635333,0.002951509748340233,0.00015453076545527647,0.9998398124144612,0.9688922610015175,0.9687370564895804,0.9733046628005367,0,1218.6066863490269,21.370409942232072,314159,314159,0
235,2026-07-14T09:11:29Z,0.00017420555966335535,0.0030102536276415686,0.00013985747734812399,0.9998557385815982,0.9690006503360069,0.9688608609277571,0.9733046628005367,0,1210.0261940788478,21.51706384588033,314159,314159,0
236,2026-07-14T09:31:51Z,0.00016998257390556798,0.002959931134769776,0.00015492101778333907,0.9998440071972025,0.9713852156947756,0.9712336865923833,0.9733046628005367,0,1199.8280321611091,21.296818657778203,314159,314159,0
237,2026-07-14T09:52:14Z,0.00017316163464193527,0.002924563463392418,0.00012349181890260324,0.9998595314649519,0.9646650769564274,0.9645295718662553,0.9733046628005367,0,1201.5216689473018,21.759343673475087,314159,314159,0
238,2026-07-14T10:12:42Z,0.00016884912997168822,0.002996315818619314,0.00013010786215774596,0.9998593357266193,0.9660741383047908,0.9659382461880943,0.9733046628005367,0,1206.0435645077378,21.623162642121315,314159,314159,0
239,2026-07-14T10:33:03Z,0.00016717728724055655,0.0028479788847428533,0.00011549773823564091,0.9998673548294653,0.9646650769564274,0.9645371187927857,0.9733046628005367,0,1198.6218851646408,21.4469821061939,314159,314159,0
240,2026-07-14T10:53:33Z,0.0001661802861111993,0.0028752320777366363,0.00013838252132439985,0.9998481998862022,0.968783871667028,0.9686368101650634,0.9733046628005367,0,1208.603276450187,21.42535919509828,314159,314159,0
241,2026-07-14T11:13:58Z,0.00016735513792183406,0.0028290081311308215,0.0001388156833622843,0.9998476265163384,0.9698677650119228,0.9697199828818769,0.9733046628005367,0,1202.9578546136618,21.492920455522835,314159,314159,0
242,2026-07-14T11:34:30Z,0.00016604822870158858,0.0028727915066291336,0.00014126940447177632,0.9998598833906865,0.972360719705181,0.9722244758181063,0.9733046628005367,0,1210.990211673081,21.064967328682542,314159,314159,0
243,2026-07-14T11:55:03Z,0.0001716384859530764,0.0029384315356603442,0.00012810917509656892,0.9998674445613439,0.9700845436809018,0.9699559536986807,0.9733046628005367,0,1211.2454301323742,21.55971779488027,314159,314159,0
244,2026-07-14T12:15:27Z,0.00017523965233110238,0.002934365791475801,0.00012181366512645022,0.9998629991058477,0.9678083676566226,0.9676757770448856,0.9733046628005367,0,1202.0691320905462,21.398454405367374,314159,314159,0
245,2026-07-14T12:35:55Z,0.00017505373582550032,0.002923940268937665,0.00013599046847380587,0.9998544470022094,0.9724691090396705,0.972327563245591,0.9733046628005367,0,1206.572271711193,21.469027549028397,314159,314159,0
246,2026-07-14T12:56:30Z,0.0001666976005906757,0.0028223722287894653,0.0001664888106385927,0.9998511802318754,0.9686754823325385,0.9685313242718697,0.9733046628005367,0,1213.2369633475319,21.617807233706117,314159,314159,0
247,2026-07-14T13:17:02Z,0.00016582807423599636,0.0029356007149540907,0.00012465441170394776,0.9998574776462845,0.9684587036635595,0.9683206766496371,0.9733046628005367,0,1210.2772993016988,20.939877213910222,314159,314159,0
248,2026-07-14T13:37:28Z,0.00016817936023627716,0.002859003252002844,0.0001268932854421731,0.9998605817202282,0.9667244743117277,0.9665896952485058,0.9733046628005367,0,1204.4367597727105,21.59060537070036,314159,314159,0
249,2026-07-14T13:57:49Z,0.00016959700100373693,0.002745342911107329,0.00012751616574783602,0.9998658528405661,0.9682419249945805,0.9681120380906977,0.9733046628005367,0,1199.1095479140058,21.25567039474845,314159,314159,0
250,2026-07-14T14:18:22Z,0.0001729711277711573,0.0028450296053511254,0.00012005636251053775,0.9998659244726771,0.9678083676566226,0.9676786082393815,0.9733046628005367,0,1211.8340415675193,21.156784278340638,314159,314159,0
251,2026-07-14T14:38:55Z,0.00017205089227057235,0.0028259950672633923,0.00013229033280395138,0.9998487212364239,0.9663993063082593,0.9662531106160802,0.9733046628005367,0,1210.5714897010475,21.877416206523776,314159,314159,0
252,2026-07-14T14:59:16Z,0.00017277211384836427,0.002952244910033422,0.0001508932260185298,0.9998750133449293,0.9666160849772383,0.9664952708660395,0.9733046628005367,0,1199.6828085603192,21.401551270857453,314159,314159,0
253,2026-07-14T15:19:37Z,0.00016785050769790074,0.0027885966453940823,0.00011700515073996249,0.9998678238131161,0.9706264903533492,0.9704981966449658,0.9733046628005367,0,1200.1500458158553,21.012276081368327,314159,314159,0
254,2026-07-14T15:39:58Z,0.0001637288809707628,0.002810734459521865,0.00014504256075630856,0.9998495952395228,0.972143941036202,0.9719977259596011,0.9733046628005367,0,1198.943774097599,21.286897615529597,314159,314159,0
255,2026-07-14T16:00:23Z,0.00017743993101357246,0.002873884477892721,0.00013676504349743407,0.9998560257032008,0.9752872317363971,0.9751468154430306,0.9751468154430306,1,1203.7626305986196,21.25567018147558,314159,314159,0
256,2026-07-14T16:20:47Z,0.00016932403205576757,0.002837930749201697,0.00011820260042649106,0.9998626090899497,0.9706264903533492,0.9704931350965207,0.9751468154430306,0,1202.5040689203888,21.032168509438634,314159,314159,0
257,2026-07-14T16:41:02Z,0.00016969002665531206,0.002852354885598769,0.00013088774710874357,0.999859789195218,0.9727942770431389,0.9726578807746674,0.9751468154430306,0,1193.174218032509,21.242383502423763,314159,314159,0
258,2026-07-14T17:01:18Z,0.0001633989884354776,0.002835659730242826,0.00012972295264302157,0.9998712173350852,0.9679167569911121,0.9677921060917312,0.9751468154430306,0,1194.7382946098223,21.125423315912485,314159,314159,0
259,2026-07-14T17:21:44Z,0.00017180817711656595,0.002877800436201066,0.00011385279353171962,0.9998707708059003,0.968783871667028,0.9686586765080356,0.9751468154430306,0,1203.9140859181061,21.702872396446764,314159,314159,0
260,2026-07-14T17:41:56Z,0.00017082297459773663,0.0027795682124854863,0.00011429781038448606,0.9998552913098252,0.9706264903533492,0.9704860322652813,0.9751468154430306,0,1190.6004312718287,21.052410209551454,314159,314159,0
261,2026-07-14T18:02:16Z,0.00017587571365141458,0.0028281685958797204,0.00012828443803599197,0.99986187704655,0.9709516583568177,0.9708175476461084,0.9751468154430306,0,1198.470207854174,21.320832832716405,314159,314159,0
262,2026-07-14T18:22:45Z,0.0001690485137161174,0.002971226196409908,0.00012161913300785324,0.9998617964427844,0.9729026663776285,0.9727682077683105,0.9751468154430306,0,1206.5935310451314,21.66848105750978,314159,314159,0
263,2026-07-14T18:43:00Z,0.00016768968395630877,0.002736041282205356,0.0001283068089049875,0.9998662442726652,0.9703013223498808,0.970171538990776,0.9751468154430306,0,1193.5131117999554,20.861150198616087,314159,314159,0
264,2026-07-14T19:03:19Z,0.0001682549594502246,0.0027423193366856486,0.00013543142017394635,0.999860789939753,0.9713852156947756,0.9712499891003757,0.9751468154430306,0,1197.887029422447,21.121241652406752,314159,314159,0
265,2026-07-14T19:23:52Z,0.0001654034267694467,0.0029125431039597467,0.00013590657294833234,0.9998680943756068,0.9668328636462172,0.966705332953654,0.9751468154430306,0,1211.1084302328527,21.11263948865235,314159,314159,0
266,2026-07-14T19:44:08Z,0.00017271931763522555,0.002700731099050064,0.00010975940744408302,0.9998819623831124,0.9714936050292651,0.9713789322393059,0.9751468154430306,0,1195.3030548095703,21.206890168599784,314159,314159,0
267,2026-07-14T20:04:29Z,0.00016654944909225716,0.0028205100989617702,0.00013443380739198207,0.999866490342717,0.9697593756774333,0.9696299034355397,0.9751468154430306,0,1198.907895244658,21.389685508795083,314159,314159,0
268,2026-07-14T20:25:01Z,0.00017691084314759445,0.002738776264201722,0.00012698180034641736,0.9998665161527234,0.972360719705181,0.9722309252553741,0.9751468154430306,0,1210.49973094929,20.98862415831536,314159,314159,0
269,2026-07-14T20:45:23Z,0.00017320941953498885,0.002673028949879143,0.00013577940311927325,0.9998671089621289,0.9719271623672231,0.971798001957881,0.9751468154430306,0,1201.195908573456,20.906067622825503,314159,314159,0
270,2026-07-14T21:05:41Z,0.00016526499564799746,0.002813656691210339,0.00015349013580448031,0.9998511778657284,0.9700845436809018,0.9699401736286873,0.9751468154430306,0,1196.7298509469256,21.133713643997908,314159,314159,0
271,2026-07-14T21:26:07Z,0.0001751589458770047,0.002734468509919295,0.00013750129958324642,0.9998615241798378,0.9701929330153913,0.9700585847532764,0.9751468154430306,0,1204.9827336892486,21.056761072948575,314159,314159,0
272,2026-07-14T21:46:33Z,0.0001680813426860991,0.0027413622638035513,0.00013210726795747572,0.9998539598237917,0.964556687621938,0.9644158235933148,0.9751468154430306,0,1204.4532744837925,21.204932547174394,314159,314159,0
273,2026-07-14T22:06:45Z,0.00016770893624575394,0.002740391536406743,0.00012484348663594394,0.9998685373535673,0.9706264903533492,0.9704988892262297,0.9751468154430306,0,1189.955911389552,21.41946647875011,314159,314159,0
274,2026-07-14T22:27:00Z,0.00016503557894232822,0.0027093754716946564,0.00012568775296540707,0.9998628241727892,0.9739865597225233,0.9738529523105012,0.9751468154430306,0,1193.8376598758623,20.88496858999133,314159,314159,0
275,2026-07-14T22:47:19Z,0.00016450640629853111,0.0027460793690512416,0.000142652288701616,0.9998524213121789,0.9736613917190549,0.9735177000484829,0.9751468154430306,0,1197.7132239807397,21.32716230303049,314159,314159,0
276,2026-07-14T23:07:33Z,0.00016730541531276101,0.0026138794391900467,0.00014009624358751597,0.9998491606977103,0.9708432690223282,0.9706968277009963,0.9751468154430306,0,1192.168629634194,21.37455807439983,314159,314159,0
277,2026-07-14T23:27:47Z,0.00016743526827601594,0.00275702348436023,0.0001102037287022109,0.9998746303702438,0.9718187730327336,0.9716969364729684,0.9751468154430306,0,1192.4353557331488,21.140276735648513,314159,314159,0
278,2026-07-14T23:47:55Z,0.00016973177830463144,0.0026967783768739434,0.00011093300515769621,0.9998723309903101,0.9624972902666378,0.9623744091907602,0.9751468154430306,0,1186.089649614878,21.615022624842823,314159,314159,0
279,2026-07-15T00:08:05Z,0.00017048334703866473,0.002729428128645078,0.0001374620342628119,0.9998579000725457,0.972360719705181,0.9722225473174515,0.9751468154430306,0,1189.2528226356953,21.008118224330246,314159,314159,0
280,2026-07-15T00:28:22Z,0.00017273954345816482,0.0027482046007422717,0.00013741726903779394,0.9998595186275698,0.9699761543464123,0.9698398907650252,0.9751468154430306,0,1195.294249014929,21.342499249614775,314159,314159,0
281,2026-07-15T00:48:42Z,0.00017038066605724747,0.002788924708849031,0.00012608549315055645,0.9998646598275813,0.9709516583568177,0.9708202495919656,0.9751468154430306,0,1198.6924884198233,20.950882490724325,314159,314159,0
282,2026-07-15T01:08:54Z,0.0001647491728778095,0.0027402297923551583,0.0001728493382012597,0.9998323574424451,0.9684587036635595,0.968296348769591,0.9751468154430306,0,1191.3764114901423,20.94016057252884,314159,314159,0
283,2026-07-15T01:29:10Z,0.00016377806651025778,0.002621435791100408,0.00014492774414215509,0.9998580582849159,0.9727942770431389,0.9726561969550315,0.9751468154430306,0,1194.041699225083,20.980775606818497,314159,314159,0
284,2026-07-15T01:49:24Z,0.00016642622746602034,0.0027059481104896306,0.00013065325280565255,0.9998690094227448,0.9698677650119228,0.9697407214735227,0.9751468154430306,0,1192.7775162123144,21.08915617875755,314159,314159,0
285,2026-07-15T02:09:38Z,0.00016484155706827016,0.0026221215267448472,0.00012918222042941575,0.999860098462348,0.9726858877086495,0.9725498074573067,0.9751468154430306,0,1192.5058745360002,21.319152511656284,314159,314159,0
286,2026-07-15T02:29:56Z,0.00016323263406700837,0.002710665802630601,0.00012771699624306644,0.9998661570682165,0.9661825276392803,0.966053210937143,0.9751468154430306,0,1196.2761093322188,21.298394438810647,314159,314159,0
287,2026-07-15T02:50:03Z,0.00016948664368138307,0.002605151826559704,0.000128646147844386,0.9998666700020657,0.9729026663776285,0.9727729492671301,0.9751468154430306,0,1185.7527588736266,21.053520418703556,314159,314159,0
288,2026-07-15T03:10:16Z,0.0001648898826182208,0.002705911484911334,0.00014586483494489683,0.9998548315155514,0.9729026663776285,0.9727614315720344,0.9751468154430306,0,1191.8837391017005,21.372998490929604,314159,314159,0
289,2026-07-15T03:30:32Z,0.00016225762663179245,0.0026852843839950597,0.00012074187151553263,0.9998526155870363,0.9750704530674181,0.9749267428810946,0.9751468154430306,0,1194.1285429820418,21.474641570821404,314159,314159,0
290,2026-07-15T04:00:56Z,0.0001652685389551494,0.0027110780465667075,0.00011833869532061187,0.9998620423606596,0.9681335356600911,0.9679999742429451,0.9751468154430306,0,1189.9518082896248,21.16222978476435,314159,314159,0
291,2026-07-15T04:21:10Z,0.0001720736898151907,0.00262280033880474,0.0001452730832190127,0.9998277870745549,0.9659657489703013,0.9657993971827913,0.9751468154430306,0,1192.5949117196724,20.817668728530407,314159,314159,0
292,2026-07-15T04:41:29Z,0.00016891494036402435,0.0027172218901493797,0.00012940495705834312,0.9998604302684314,0.9700845436809018,0.9699491492415414,0.9751468154430306,0,1197.77964561712,21.22759154625237,314159,314159,0
293,2026-07-15T05:01:39Z,0.0001655987548065394,0.0025864740634351903,0.00013938019551304443,0.9998477954176453,0.9699761543464123,0.969828519530946,0.9751468154430306,0,1188.7735587628558,20.752118196338415,314159,314159,0
294,2026-07-15T05:21:49Z,0.0001601984961005041,0.0025905971729233497,0.00013860031865251524,0.9998571252987792,0.9711684370257967,0.9710296816255216,0.9751468154430306,0,1188.7274381434545,21.21825293917209,314159,314159,0
295,2026-07-15T05:42:08Z,0.0001657557035310461,0.0028144310544858642,0.00014878697354191894,0.9998440274661874,0.9714936050292651,0.9713420787101059,0.9751468154430306,0,1197.441328455694,21.338761867955327,314159,314159,0
296,2026-07-15T06:02:22Z,0.00015976897834141,0.0027498729923930106,0.00011478262221850915,0.9998674533240622,0.9650986342943855,0.9649707136784577,0.9751468154430306,0,1193.1788586508483,20.931099238805473,314159,314159,0
297,2026-07-15T06:22:43Z,0.00017403188704214628,0.002681033545709239,0.0001331131813081405,0.999855909936624,0.9669412529807067,0.9668019263542837,0.9751468154430306,0,1199.0780336018652,21.030048901215196,314159,314159,0
298,2026-07-15T06:43:00Z,0.000169500225742081,0.002624126915526985,0.00013133496828005915,0.9998580757525052,0.9716019943637546,0.9714641004818401,0.9751468154430306,0,1196.2704210784286,21.333601445890963,314159,314159,0
299,2026-07-15T07:03:19Z,0.00016831304051416232,0.0027005970549001074,0.00012557652476362827,0.999865991619736,0.9729026663776285,0.9727722892671526,0.9751468154430306,0,1197.01097596623,21.126865413971245,314159,314159,0
300,2026-07-15T07:23:29Z,0.00016331774705448913,0.002585217459673943,0.00012935984782360367,0.999864057503945,0.968567092998049,0.9684354235698301,0.9751468154430306,0,1189.122730774805,20.85425783134997,314159,314159,0
301,2026-07-15T07:43:46Z,0.00017174790268969074,0.00268763163787001,0.00013591160596303038,0.9998626468144821,0.9699761543464123,0.9698429250317364,0.9751468154430306,0,1193.9247843772173,21.101419201120734,314159,314159,0
302,2026-07-15T08:03:51Z,0.0001715447531045387,0.0026322222907486856,0.00013338223751456892,0.9998534934008447,0.9671580316496857,0.967016336615623,0.9751468154430306,0,1184.294360135682,20.986295751295984,314159,314159,0
303,2026-07-15T08:23:56Z,0.00017178122045962874,0.00254311172356033,0.00011980275984039071,0.9998804971968445,0.9682419249945805,0.9681262173704109,0.9751468154430306,0,1184.2364418366924,20.686499301344156,314159,314159,0
304,2026-07-15T08:44:06Z,0.00015715690568987952,0.0026554650852949856,0.0001230964182523489,0.9998620983450754,0.9693258183394754,0.9691921467049653,0.9751468154430306,0,1188.708870572038,21.27221949584782,314159,314159,0
305,2026-07-15T09:04:23Z,0.00016724186920780796,0.0026500423693446074,0.00011921398867620301,0.999857439117041,0.9676999783221331,0.967562022158784,0.9751468154430306,0,1195.3745822245255,21.340487675741315,314159,314159,0
306,2026-07-15T09:24:32Z,0.00015723130383125936,0.0025261007741975024,0.00012401232298307513,0.9998524048829251,0.9665076956427487,0.9663650438262567,0.9751468154430306,0,1187.2350560640916,20.914223859086633,314159,314159,0
307,2026-07-17T03:52:02Z,0.00015688711627879633,0.0026670730572311155,0.00012825580564627473,0.9998568236296199,0.9673748103186647,0.9672363051045262,0.9751468154430306,0,1189.6638712566346,21.63249646872282,314159,314159,0
308,2026-07-17T04:12:29Z,0.00016538622100011624,0.0026456455466123776,0.0001288214201648949,0.9998554888433946,0.9714936050292651,0.9713532133647675,0.9751468154430306,0,1206.0500347409397,21.12739327084273,314159,314159,0
309,2026-07-17T04:32:53Z,0.00016639334755649842,0.0025698285668590715,0.00010746098062829756,0.9998792155137758,0.9729026663776285,0.9727851548289239,0.9751468154430306,0,1202.1283947369084,21.28717629238963,314159,314159,0
310,2026-07-17T04:53:06Z,0.00015829167976386886,0.0024758224735638786,0.0001384760536349277,0.9998619495204195,0.9697593756774333,0.9696254999305434,0.9751468154430306,0,1191.7096258299425,21.110382326878607,314159,314159,0
311,2026-07-17T05:13:20Z,0.00016073104802979385,0.00251977658692082,0.00012958970733120803,0.9998697600721129,0.9692174290049859,0.9690911981969254,0.9751468154430306,0,1192.7761258902028,21.155662677250803,314159,314159,0
312,2026-07-17T05:33:36Z,0.00016502079051997204,0.0025704085309660426,0.00012710573400093476,0.9998420843856857,0.9740949490570128,0.9739411242547319,0.9751468154430306,0,1194.4985319301486,21.435255298390985,314159,314159,0
313,2026-07-17T05:53:49Z,0.0001557303699610693,0.0026978806492407,0.00012549193022764929,0.9998634115897368,0.9698677650119228,0.9697352923157343,0.9751468154430306,0,1190.703759088181,21.52579567488283,314159,314159,0
314,2026-07-17T06:14:05Z,0.0001652083041817959,0.002557541072472572,0.00013091985281202367,0.9998557528703983,0.9667244743117277,0.9665850270811925,0.9751468154430306,0,1194.6737265791744,21.16769653558731,314159,314159,0
315,2026-07-17T06:34:24Z,0.00015693694938970107,0.0026714055875093528,0.00014378249751570738,0.9998459850566936,0.9708432690223282,0.9706937446512903,0.9751468154430306,0,1197.7126144794747,21.194092033430934,314159,314159,0
316,2026-07-17T06:54:35Z,0.00016732897347148857,0.0026600166459574267,0.00017379502792212078,0.9998449095707358,0.9740949490570128,0.9739438762532194,0.9751468154430306,0,1189.8564923172817,21.427856334485114,314159,314159,0
317,2026-07-17T07:14:42Z,0.00016901549549212702,0.0024715981904487273,0.00015262742139482587,0.9998543372316764,0.9707348796878387,0.9705934797579551,0.9751468154430306,0,1185.6644828077406,20.897292953915894,314159,314159,0
318,2026-07-17T07:35:05Z,0.00016261815446759562,0.002697348698864926,0.00012942315839060034,0.9998656331251969,0.9652070236288749,0.9650773317775719,0.9751468154430306,0,1201.2774049909785,21.33261665236205,314159,314159,0
319,2026-07-17T07:55:18Z,0.00016368661257705675,0.002437835080046196,0.00013610713571640405,0.9998574712485333,0.9712768263602861,0.9711383914868964,0.9751468154430306,0,1192.2371644107625,21.01513543818146,314159,314159,0
320,2026-07-17T08:15:27Z,0.00016265236150427977,0.0026502280582487107,0.0001494081365138281,0.9998471937825387,0.9747452850639498,0.974596337923951,0.9751468154430306,0,1186.8738856138662,21.177993935532868,314159,314159,0
321,2026-07-17T08:35:41Z,0.0001677605096236002,0.0026315861549016345,0.0001280418705499061,0.9998643589147366,0.9714936050292651,0.9713618305823524,0.9751468154430306,0,1193.6787845119834,20.691002723760903,314159,314159,0
322,2026-07-17T08:56:06Z,0.00016119859413433828,0.0026636772757870947,0.0001430388840683191,0.9998613014022889,0.9659657489703013,0.9658317708754822,0.9751468154430306,0,1202.6402108157054,21.430870844982564,314159,314159,0
323,2026-07-17T09:16:15Z,0.00015381647899215283,0.002547466864243043,0.00010941071864524823,0.9998684733137563,0.9681335356600911,0.9680062002643043,0.9751468154430306,0,1187.437303361483,21.219159142114222,314159,314159,0
324,2026-07-17T09:36:30Z,0.00015618897754108598,0.002622115489172566,0.00013861773144154135,0.99986652702264,0.9722523303706915,0.9721225609574117,0.9751468154430306,0,1194.1149846091866,21.149788218550384,314159,314159,0
325,2026-07-17T09:56:50Z,0.00015641592390026196,0.0025322757090411566,0.00012610667277863897,0.9998621965864126,0.968783871667028,0.9686503699424839,0.9751468154430306,0,1198.839863024652,21.180122449062765,314159,314159,0
326,2026-07-17T10:17:03Z,0.0001637719437300835,0.0027143250754410836,0.00012624435315515106,0.9998634286817003,0.9706264903533492,0.970493930613985,0.9751468154430306,0,1190.9079734683037,21.188560948707163,314159,314159,0
327,2026-07-17T10:37:13Z,0.00015562719483499566,0.0025512855308062778,0.00011976956745905015,0.9998715448361936,0.9714936050292651,0.9713688116590942,0.9751468154430306,0,1189.021630987525,21.353682873770595,314159,314159,0
328,2026-07-17T10:57:22Z,0.00015387144364013974,0.0027709797972391274,0.00015572710798526175,0.999842956954394,0.9729026663776285,0.9727498787798222,0.9751468154430306,0,1187.4160155914724,20.868764059618115,314159,314159,0
329,2026-07-17T11:17:31Z,0.0001594616571687892,0.002538205514812168,0.00012655553135516566,0.9998587052771627,0.9712768263602861,0.9711395900703073,0.9751468154430306,0,1188.28464349173,21.24276257958263,314159,314159,0
330,2026-07-17T11:37:44Z,0.00015857080666597988,0.0025366486245643315,0.00012962482822143664,0.999871580119855,0.9679167569911121,0.967792457237189,0.9751468154430306,0,1191.2668935274705,21.070067761465907,314159,314159,0
331,2026-07-17T11:57:53Z,0.00016064633069910235,0.002512417949983847,0.00013718698261573292,0.9998550250458097,0.9703013223498808,0.9701606529601223,0.9751468154430306,0,1187.5048071099445,21.010945972055197,314159,314159,0
332,2026-07-17T12:18:04Z,0.00015906561888299735,0.002538880523954953,0.0001272764458449685,0.9998738122116269,0.9717103836982441,0.9715877657139861,0.9751468154430306,0,1190.0240201093256,21.041060591116548,314159,314159,0
333,2026-07-17T12:38:14Z,0.00015940519904780295,0.002596149784737596,0.00018029127628892833,0.9998141598604251,0.9680251463256015,0.9678452483972964,0.9751468154430306,0,1188.4235535301268,20.938822547905147,314159,314159,0
334,2026-07-17T12:58:30Z,0.0001585924280396232,0.002613385818411186,0.00011923779675395818,0.999862702805825,0.972143941036202,0.9720104684007635,0.9751468154430306,0,1194.1754954485223,21.149765213020146,314159,314159,0
335,2026-07-17T13:18:38Z,0.00015852793388948912,0.002469429925246213,0.00013005913207818077,0.9998615920171646,0.9738781703880338,0.973743377874943,0.9751468154430306,0,1187.3959075482562,21.04264124389738,314159,314159,0
336,2026-07-17T13:38:49Z,0.0001598158937939921,0.0025143192225172356,0.00014571607618602773,0.9998595605349323,0.9746368957294602,0.9745000182451887,0.9751468154430306,0,1189.580629820004,20.970961635001004,314159,314159,0
337,2026-07-17T13:58:56Z,0.00016252753148010294,0.0025564749124410884,0.00012836852542777812,0.9998666739103677,0.9679167569911121,0.9677877084348129,0.9751468154430306,0,1185.737800065428,21.044401434250176,314159,314159,0
338,2026-07-17T14:19:07Z,0.00016329045031625148,0.0025002726714843217,0.00013500744909192606,0.9998643512852134,0.97257749837416,0.9724455694864752,0.9751468154430306,0,1189.2629236839712,21.276731559075415,314159,314159,0
339,2026-07-19T10:56:40Z,0.0001635398699622127,0.0025299966942470956,0.0001328349792282381,0.999867853665322,0.9762627357468026,0.9761337262045909,0.9761337262045909,1,1184.669880822301,21.005131667479873,314159,314159,0
340,2026-07-19T11:16:41Z,0.00016198327571637162,0.002445399552440215,0.0001407565250887996,0.9998435563257398,0.9712768263602861,0.9711248762448466,0.9761337262045909,0,1179.1896469304338,20.900960186496377,314159,314159,0
341,2026-07-19T11:36:54Z,0.0001646451716119051,0.002556340045486779,0.00012131070706059871,0.9998545405075908,0.9736613917190549,0.973519763427237,0.9761337262045909,0,1191.7663300205022,20.86700665205717,314159,314159,0
342,2026-07-19T11:57:12Z,0.00015948593111613405,0.0024295670339593628,0.00012439093227389385,0.9998665556310473,0.9707348796878387,0.9706053405843984,0.9761337262045909,0,1197.684688855894,20.768445155583322,314159,314159,0
343,2026-07-19T12:18:48Z,0.00016659892908040658,0.0023411608184308185,0.00012415054116799744,0.9998645718090362,0.9707348796878387,0.9706034148191771,0.9761337262045909,0,1173.4060931103304,21.18607205338776,314159,314159,0
344,2026-07-19T12:38:55Z,0.00016540630837245699,0.0024788395938832764,0.00011855138402350376,0.9998594535458034,0.9733362237155864,0.9731994247606021,0.9761337262045909,0,1186.2081458969042,20.664277780801058,314159,314159,0
345,2026-07-19T12:59:13Z,0.00016094695190794052,0.0024695413591846096,0.00011605359178952543,0.9998623312162107,0.9712768263602861,0.9711431118608784,0.9761337262045909,0,1195.6999822659418,22.045073912478983,314159,314159,0
346,2026-07-19T13:19:19Z,0.000172062504200883,0.0022997301746813564,0.00014041274811153694,0.9998446535096669,0.9717103836982441,0.9715594319005164,0.9761337262045909,0,1185.1578171839938,20.749905650503933,314159,314159,0
347,2026-07-19T13:39:27Z,0.0001584079787547746,0.002523536242372595,0.0001409617381562188,0.9998692583284317,0.9748536743984392,0.9747262203995137,0.9761337262045909,0,1186.412914740853,21.188575316220522,314159,314159,0
348,2026-07-19T13:59:32Z,0.0001646045195183922,0.002424777353874144,0.00011246603118377064,0.999855823035976,0.9733362237155864,0.9731958910538765,0.9761337262045909,0,1182.5985950650647,22.230836369097233,314159,314159,0
349,2026-07-19T14:19:53Z,0.0001572902842335263,0.0025533767515248697,0.00011221266051856897,0.9998692590119439,0.9695425970084544,0.969415838051359,0.9761337262045909,0,1199.1486403262243,21.31021208781749,314159,314159,0
350,2026-07-19T14:40:09Z,0.00016085664609689213,0.0024837434706098172,0.00011448095119232699,0.9998678168273664,0.9707348796878387,0.9706065648716554,0.9761337262045909,0,1195.0427561011165,21.14155138656497,314159,314159,0
351,2026-07-19T15:00:28Z,0.0001586070422018805,0.0025173401158175724,0.00013247761426892488,0.9998599906518473,0.9716019943637546,0.9714659610018599,0.9761337262045909,0,1197.3379536503926,21.240563631989062,314159,314159,0
352,2026-07-19T15:20:44Z,0.00016086750036906078,0.002413114822799376,0.00015238706857583018,0.9998321769464311,0.9739865597225233,0.9738231023239357,0.9761337262045909,0,1193.7068208614364,21.52232599724084,314159,314159,0
353,2026-07-19T15:41:03Z,0.0001597941468732276,0.002381801355846773,0.00014422124342431634,0.9998467144380149,0.9737697810535443,0.9736205162054113,0.9761337262045909,0,1197.5234170537442,21.340021940879524,314159,314159,0
354,2026-07-19T16:01:18Z,0.00016728731438876734,0.0024371694398258015,0.00014456319363501086,0.9998478803564503,0.9711684370257967,0.9710207032293297,0.9761337262045909,0,1193.8109961934388,21.372035725973547,314159,314159,0
355,2026-07-19T16:21:31Z,0.00016177789016705828,0.0023852032080694764,0.00013652550631683226,0.9998505859356729,0.9744201170604813,0.9742745249904291,0.9761337262045909,0,1191.2921397956088,21.14038366638124,314159,314159,0
356,2026-07-19T16:41:53Z,0.00016691647894384834,0.002479433165682438,0.00013566200143940235,0.9998589312610509,0.9697593756774333,0.9696225729452224,0.9761337262045909,0,1200.7268193773925,21.117966040968895,314159,314159,0
357,2026-07-19T17:02:12Z,0.00016274998777483364,0.002493002509557182,0.00013291984336606937,0.9998551803439177,0.9701929330153913,0.9700524300084986,0.9761337262045909,0,1197.9038265263662,20.984627204947174,314159,314159,0
358,2026-07-19T17:22:21Z,0.0001623225231209518,0.00251161683022073,0.00011290266222083234,0.999862173667991,0.9701929330153913,0.9700592148820928,0.9761337262045909,0,1187.7883343026042,21.00735983811319,314159,314159,0
359,2026-07-19T17:42:27Z,0.00016463978003931461,0.0023624837957885165,0.00013404376604637906,0.9998402553751634,0.9717103836982441,0.9715551581875504,0.9761337262045909,0,1184.843252032064,20.759073382243514,314159,314159,0
360,2026-07-19T18:02:42Z,0.00015881836365123418,0.0025307749947775463,0.00012031339088853471,0.9998629554508914,0.9739865597225233,0.9738530801736084,0.9761337262045909,0,1193.344197430648,21.36975764390081,314159,314159,0
361,2026-07-19T18:22:53Z,0.00015350583482202327,0.002618748722599948,0.0001207920116696215,0.9998602621801786,0.9740949490570128,0.9739588311525326,0.9761337262045909,0,1189.453216652386,21.01499535050243,314159,314159,0
362,2026-07-19T18:42:50Z,0.0001577655079919818,0.002343000262585779,0.00011884021865326527,0.9998628035820738,0.977021461088229,0.9768874172435307,0.9768874172435307,1,1175.7892615767196,21.18130139168352,314159,314159,0
363,2026-07-19T19:02:58Z,0.000162016170005507,0.002449695021138109,0.00011658409339404805,0.9998585610931768,0.9717103836982441,0.9715729460438252,0.9768874172435307,0,1186.2274572933093,21.526514276862144,314159,314159,0
364,2026-07-19T19:22:58Z,0.00015844042388275364,0.0024800842757248527,0.00012751720252886757,0.9998580747480095,0.97257749837416,0.9724394650676229,0.9768874172435307,0,1179.1798646803945,20.84198032040149,314159,314159,0
365,2026-07-19T19:43:08Z,0.0001542029528124428,0.0025030952662255623,0.00011134299305662537,0.9998716519078944,0.9769130717537394,0.9767876868248269,0.9768874172435307,0,1188.1558150462806,21.14566899370402,314159,314159,0
366,2026-07-19T20:03:13Z,0.00016369977684675132,0.002315967400875571,0.00012368343272388494,0.9998742076665285,0.9748536743984392,0.9747310452799433,0.9768874172435307,0,1182.961332898587,21.4171312302351,314159,314159,0
367,2026-07-19T20:23:20Z,0.00015896522095274265,0.0024284092268230008,0.00013729324695781656,0.9998482779547868,0.9736613917190549,0.9735136658213581,0.9768874172435307,0,1185.6102919606492,21.252689274027944,314159,314159,0
368,2026-07-19T20:43:38Z,0.00016232934116969155,0.002457020750717655,0.00013338587571240293,0.9998532059481368,0.9745285063949707,0.9743854514068607,0.9768874172435307,0,1197.4750513769686,20.9063636418432,314159,314159,0
369,2026-07-19T21:03:42Z,0.00016023960412569948,0.0024545208592236262,0.0001328310210315859,0.9998493375305714,0.9713852156947756,0.9712388643994126,0.9768874172435307,0,1181.7919082157314,21.345224468037486,314159,314159,0
370,2026-07-19T21:23:50Z,0.00016092504909121769,0.0023542978222857633,0.00013116709959896423,0.9998474354293672,0.9736613917190549,0.9735128454868854,0.9768874172435307,0,1187.7172548454255,20.878996876999736,314159,314159,0
371,2026-07-19T21:43:59Z,0.00016062130854532054,0.002452660385310071,0.00014360520915149497,0.9998409170987905,0.9722523303706915,0.9720976616492685,0.9768874172435307,0,1187.1368216704577,21.4077234454453,314159,314159,0
372,2026-07-19T22:04:12Z,0.00015964722120778284,0.002441376193203066,0.00011339985199245923,0.9998672997859086,0.9699761543464123,0.969847438303067,0.9768874172435307,0,1191.7695827903226,21.16231418866664,314159,314159,0
373,2026-07-19T22:24:30Z,0.00015243146818750045,0.002415262553240223,0.00011666041014613999,0.9998655847104171,0.9769130717537394,0.9767817597003023,0.9768874172435307,0,1195.9789821235463,21.268841271288693,314159,314159,0
374,2026-07-19T22:44:41Z,0.00015491133602836698,0.002551162648799082,0.00011544307065211476,0.9998725831253819,0.9745285063949707,0.9744043350184596,0.9768874172435307,0,1190.112834777683,20.962321455590427,314159,314159,0
375,2026-07-19T23:04:38Z,0.00015437682898660754,0.002422857753000108,0.00011238659837079244,0.9998698545330942,0.9748536743984392,0.9747268016118197,0.9768874172435307,0,1175.348654575646,21.145072852261364,314159,314159,0
376,2026-07-19T23:24:45Z,0.00015406104589618715,0.0025051148329308503,0.0001038984294282979,0.9998699381175236,0.9738781703880338,0.9737515059598905,0.9768874172435307,0,1185.5714698135853,21.01710079330951,314159,314159,0
377,2026-07-19T23:44:44Z,0.00016317095800178977,0.002401313859488059,0.0001481163161850697,0.9998509659270851,0.9742033383915023,0.9740581489001345,0.9768874172435307,0,1178.3124950192869,20.657848904840648,314159,314159,0
378,2026-07-20T00:04:47Z,0.00016442121884809813,0.0025127658371503388,0.00013175960759439636,0.9998564692954801,0.9710600476913072,0.970920670758531,0.9768874172435307,0,1181.7393030477688,20.993058287538588,314159,314159,0
379,2026-07-20T00:24:59Z,0.00015375152615462617,0.002561560485288186,0.00011286450309782148,0.9998704811536083,0.9764795144157815,0.9763530419155493,0.9768874172435307,0,1190.5655723810196,21.03190240263939,314159,314159,0
380,2026-07-20T00:45:20Z,0.00015525562618672886,0.002443485845329102,0.00013640609669687807,0.9998629413066461,0.9771298504227184,0.9769959262821823,0.9769959262821823,1,1200.1489161392674,20.573891568928957,314159,314159,0
381,2026-07-20T01:05:26Z,0.00015400209395443888,0.002595865400694739,0.00011991925584320634,0.9998664992560439,0.9781053544331237,0.9779747766406395,0.9779747766406395,1,1184.5482606990263,20.948514560237527,314159,314159,0
382,2026-07-20T01:25:20Z,0.00016330526304677036,0.0023507111066081213,0.00011095045026773235,0.999866053683332,0.9765879037502709,0.9764570933976611,0.9779747766406395,0,1173.5341494893655,20.968363099731505,314159,314159,0
383,2026-07-20T01:45:27Z,0.00015710065944707767,0.0024268930488558636,0.000115802304467962,0.9998684865930301,0.9740949490570128,0.9739668425115501,0.9779747766406395,0,1185.9475383851677,20.632536399178207,314159,314159,0
384,2026-07-20T02:05:38Z,0.00015805237621156345,0.0025405891086256404,0.00012522925517572655,0.999864379601755,0.9733362237155864,0.9732042194692998,0.9779747766406395,0,1189.7670833542943,20.927015801891685,314159,314159,0
385,2026-07-20T02:25:36Z,0.00016019253166468466,0.0024840016949966353,0.00011458903647772978,0.9998724721016876,0.9733362237155864,0.9732120961926246,0.9779747766406395,0,1175.9902096930891,21.095576534979045,314159,314159,0
386,2026-07-20T02:45:40Z,0.00016322779137211245,0.00241351294234023,0.000138660872924512,0.999858327894442,0.9717103836982441,0.971572719442193,0.9779747766406395,0,1182.8644906012341,21.23973163496703,314159,314159,0
387,2026-07-20T03:05:39Z,0.00015527418103341694,0.002420737401903362,0.0001190751675977637,0.9998664609687713,0.9745285063949707,0.9743983688023219,0.9779747766406395,0,1177.968758687377,20.73771464638412,314159,314159,0
388,2026-07-20T03:25:43Z,0.00015597130560358606,0.002347237640710175,0.00012549197328095757,0.9998526298052786,0.9757207890743551,0.9755769969116754,0.9779747766406395,0,1183.2223015520722,21.00023508258164,314159,314159,0
389,2026-07-20T03:45:46Z,0.0001591924651006215,0.002474134625301604,0.00012458892704596394,0.9998562156153921,0.9751788424019077,0.9750386269121702,0.9779747766406395,0,1181.4996149130166,21.073570618405938,314159,314159,0
390,2026-07-20T04:05:47Z,0.00015540893314704024,0.002331093087272993,0.00012605804389039633,0.9998634775867858,0.9729026663776285,0.972769843357792,0.9779747766406395,0,1179.437023411505,20.890673460438848,314159,314159,0
391,2026-07-20T04:25:46Z,0.00015324829196455193,0.002404601710829144,0.00012382366103622547,0.9998704059513451,0.9737697810535443,0.9736435862851598,0.9779747766406395,0,1177.8952031526715,20.72967127803713,314159,314159,0
392,2026-07-20T04:45:49Z,0.00015551802876741174,0.0024258267681835804,0.00010701247321751737,0.9998697258090901,0.9736613917190549,0.9735345487690285,0.9779747766406395,0,1182.5975260846317,20.773235878907144,314159,314159,0
393,2026-07-20T05:05:55Z,0.0001557892149996814,0.0024381843464856387,0.00012647765465255333,0.9998581340319022,0.972360719705181,0.9722227748103397,0.9779747766406395,0,1184.4318641517311,20.888530894182622,314159,314159,0
394,2026-07-20T05:25:48Z,0.00016956631824769418,0.0023771724359552483,0.0001331174395286816,0.9998598975281765,0.9739865597225233,0.9738501017979834,0.9779747766406395,0,1172.7192665124312,20.633416631259024,314159,314159,0
395,2026-07-20T05:45:49Z,0.00015857172570466345,0.0023788948404383304,0.0001154434197981529,0.9998614419770893,0.9756123997398656,0.9754772208146304,0.9779747766406395,0,1179.5433868663386,21.0293027497828,314159,314159,0
396,2026-07-20T06:05:49Z,0.00015877273188846013,0.0023834558485398734,0.00010730033949583718,0.9998753983326274,0.9766962930847605,0.9765745950981255,0.9779747766406395,0,1178.7322934549302,20.978777187876403,314159,314159,0
397,2026-07-20T06:25:52Z,0.0001628603035474712,0.0022791316604319693,0.0001102149713627841,0.9998747284119951,0.9750704530674181,0.9749483044433457,0.9779747766406395,0,1181.8275916585699,21.080420896410942,314159,314159,0
398,2026-07-20T06:46:05Z,0.0001563387677852121,0.002444651239219689,0.00010112450486120069,0.9998814741188602,0.9697593756774333,0.9696444340929375,0.9779747766406395,0,1191.5496434131637,21.481794052757323,314159,314159,0
399,2026-07-20T07:06:06Z,0.00015582523225238075,0.0023475973428027717,0.00010478287128648556,0.9998731463208196,0.9745285063949707,0.9744048838684682,0.9779747766406395,0,1179.28796006646,21.13206923659891,314159,314159,0
400,2026-07-20T07:26:12Z,0.00015537457768152087,0.0025127971824129127,0.00010980715391659644,0.9998817885117327,0.9755040104053762,0.9753886946244954,0.9779747766406395,0,1184.251190838404,21.156982198357582,314159,314159,0
